GeneratorKey,BusID,GeneratorName,LongName,LongID,State
2650,51180,Aberfeldie2-1,Aberfeldie 2-1_Aberfeldie 2 (New redeveloped)-1_BCH-ABN,BC-N/A-N/A,BC
2651,51180,Aberfeldie2-2,Aberfeldie 2-2_Aberfeldie 2 (New redeveloped)-2_BCH-ABN,BC-N/A-N/A,BC
2652,51180,Aberfeldie2-3,Aberfeldie 2-3_Aberfeldie 2 (New redeveloped)-3_BCH-ABN,BC-N/A-N/A,BC
13269,13300,Abiquiu 1-3,Abiquiu Dam Units 1-3,NM-7789-1|2|3,NM
2557,50930,Akolkolex,Akolkolex-1_Akolkolex-1_IPP-AKO,BC-N/A-N/A,BC
4470,25653,Alamo_1,Alamo-1,CA-905-1,CA
5031,40028,AlbeniFalls1,Albeni Falls-1,ID-851-1,ID
5695,40030,AlbeniFalls2,Albeni Falls-2,ID-851-2,ID
5696,40032,AlbeniFalls3,Albeni Falls-3,ID-851-3,ID
13939,73332,Alcova 1,Alcova 1,WY-6409-1,WY
13965,73438,Alcova 2,Alcova 2,WY-6409-2,WY
2000,46671,Alder11,Alder-11,WA-3913-11,WA
2001,46672,Alder12,Alder-12,WA-3913-12,WA
2622,50175,Alouette,Alouette-1_Alouette-1_BCH-ALU,BC-N/A-N/A,BC
3457,60025,AmericanFalls1,American Falls-1,ID-809-1,ID
3458,60025,AmericanFalls2,American Falls-2,ID-809-2,ID
3459,60025,AmericanFalls3,American Falls-3,ID-809-3,ID
5479,61801,AndersonRanch1,Anderson Ranch-1,ID-6395-1,ID
5740,61802,AndersonRanch2,Anderson Ranch-2,ID-6395-2,ID
2978,52144,Arrow_Lake1,Arrow Lake-1_Arrow Lake-1_IPP-ALH,BC-N/A-N/A,BC
2979,52145,Arrow_Lake2,Arrow Lake-2_Arrow Lake-2_IPP-ALH,BC-N/A-N/A,BC
2604,50298,Ash_River_1,Ash River-1_Ash River-1_BCH-ASH,BC-N/A-N/A,BC
2693,51442,Ashlu_Creek_1,Ashlu Creek-1_Ashlu Creek-1_IPP-ASL,BC-N/A-N/A,BC
2694,51442,Ashlu_Creek_2,Ashlu Creek-2_Ashlu Creek-2_IPP-ASL,BC-N/A-N/A,BC
2695,51442,Ashlu_Creek_3,Ashlu Creek-3_Ashlu Creek-3_IPP-ASL,BC-N/A-N/A,BC
13779,70058,B Hydro Aggregate,Gross Hydro Plant GEN1|Boulder Canyon Hydro 1 & 2|Boulder City Lakewood Hydro 1|Boulder City Silver Lake Hydro 1|Orodell Hydro 1|Boulder City Betasso Hydro Plant 1,_-_-_,CO
1288,34624,Balch1-1,Balch 1-1,CA-217-1,CA
1283,34612,Balch2-2,Balch 2-2,CA-218-2,CA
1284,34614,Balch2-3,Balch 2-3,CA-218-3,CA
5805,60040,BarberDamGEN1,Barber Dam-GEN1,ID-10735-GEN1,ID
2872,80546,Barr_Creek_1,Barr Creek-1_Barr Creek-1_IPP-BAC,BC-N/A-N/A,BC
2871,80546,Barr_Creek_2,Barr Creek-2_Barr Creek-2_IPP-BAC,BC-N/A-N/A,BC
3307,54222,Barrier,Barrier-1,AB-N/A-N/A,AB
3316,54183,Bearspaw_1,Bearspaw-1,AB-N/A-N/A,AB
1709,31784,Belden_1,Belden-1,CA-219-1,CA
3280,54447,Belly_River,CHD Belly River-1,AB-N/A-N/A,AB
1890,45022,Bend1,Bend-1,OR-6484-1,OR
13652,26701,Big Pine,Big Pine Hydro 1,CA-391-1,CA
2436,41303,Big_Cliff_1,Big Cliff-1,OR-3074-1,OR
4461,24306,BigCreek1-1,Big Creek 1-1,CA-317-1,CA
5845,24306,BigCreek1-2,Big Creek 1-2,CA-317-2,CA
5846,24307,BigCreek1-3,Big Creek 1-3,CA-317-3,CA
5847,24307,BigCreek1-4,Big Creek 1-4,CA-317-4,CA
4460,24308,BigCreek2-3,Big Creek 2-3,CA-318-3,CA
5848,24308,BigCreek2-4,Big Creek 2-4,CA-318-4,CA
5849,24309,BigCreek2-5,Big Creek 2-5,CA-318-5,CA
5850,24309,BigCreek2-6,Big Creek 2-6,CA-318-6,CA
4432,24310,BigCreek2A-1,Big Creek 2A-1,CA-322-1,CA
5851,24310,BigCreek2A-2,Big Creek 2A-2,CA-322-2,CA
4431,24311,BigCreek3-1,Big Creek 3-1,CA-319-1,CA
5852,24311,BigCreek3-2,Big Creek 3-2,CA-319-2,CA
5853,24312,BigCreek3-3,Big Creek 3-3,CA-319-3,CA
5854,24312,BigCreek3-4,Big Creek 3-4,CA-319-4,CA
5855,24313,BigCreek3-5,Big Creek 3-5,CA-319-5,CA
4430,24314,BigCreek4-1,Big Creek 4-1,CA-320-1,CA
5856,24314,BigCreek4-2,Big Creek 4-2,CA-320-2,CA
4429,24315,BigCreek8-1,Big Creek 8-1,CA-321-1,CA
5857,24315,BigCreek8-2,Big Creek 8-2,CA-321-2,CA
5426,54102,Bighorn_1,Bighorn-1,AB-N/A-N/A,AB
5862,54108,Bighorn_2,Bighorn-2,AB-N/A-N/A,AB
2786,80386,BigSilver1,Big Silver Hydro Project-1_Big Silver Hydro Project-1_IPPBSV,BC-N/A-N/A,BC
2787,80386,BigSilver2,Big Silver Hydro Project-2_Big Silver Hydro Project-2_IPPBSV,BC-N/A-N/A,BC
2788,80386,BigSilver3,Big Silver Hydro Project-3_Big Silver Hydro Project-3_IPPBSV,BC-N/A-N/A,BC
5864,80386,BigSilver4,Big Silver Hydro Project-4_Big Silver Hydro Project-4_IPPBSV,BC-N/A-N/A,BC
4021,73299,BigThompson,Big Thompson 1,CO-515-1,CO
3449,60804,BlackCanyon1,Black Canyon-1,ID-6396-1,ID
5891,60804,BlackCanyon2,Black Canyon-2,ID-6396-2,ID
3520,622521,BlackEagle1,Black Eagle-BLA1,MT-2181-BLA1,MT
3519,622521,BlackEagle2,Black Eagle-BLA2,MT-2181-BLA2,MT
3518,622521,BlackEagle3,Black Eagle-BLA3,MT-2181-BLA3,MT
5902,60345,BlindCanyon,Blind Canyon Hydro-1,ID-54514-1,ID
5484,60036,Bliss1,Bliss-1,ID-810-1,ID
5903,60037,Bliss2,Bliss-2,ID-810-2,ID
5904,60038,Bliss3,Bliss-3,ID-810-3,ID
14023,79157,Blue Mesa 1,Blue Mesa 1,CO-512-1,CO
14024,79157,Blue Mesa 2,Blue Mesa 2,CO-512-2,CO
5925,60040,BoiseRDiversion1A,Boise R Diversion-1A,ID-6397-1A,ID
5926,60040,BoiseRDiversion2A,Boise R Diversion-2A,ID-6397-2A,ID
5927,60040,BoiseRDiversion3A,Boise R Diversion-3A,ID-6397-3A,ID
2738,51584,BoneCreek1,Bone Creek Hydro-1_Bone Creek Hydro-1_IPP-BNC,BC-N/A-N/A,BC
2739,51584,BoneCreek2,Bone Creek Hydro-2_Bone Creek Hydro-2_IPP-BNC,BC-N/A-N/A,BC
14146,44001,Bonneville,Bonneville,OR-3075-Agg Plant,OR
1170,34253,Borden-QFAgg,BORDEN AREA LUMPED QF UNITS-1,CA-??-??,CA
5952,24456,Borel1,Borel-1,CA-328-1,CA
2554,50867,BostonBar1,Boston Bar Hydro (Scuzzy Creek)-1_Boston Bar Hydro (Scuzzy Creek)-1_IPP-BBH,BC-N/A-N/A,BC
2555,50867,BostonBar2,Boston Bar Hydro (Scuzzy Creek)-2_Boston Bar Hydro (Scuzzy Creek)-2_IPP-BBH,BC-N/A-N/A,BC
2892,80531,BoulderCreek1,Boulder Creek Hydro Project-1_Boulder Creek Hydro Project-1_IPP-BLF,BC-N/A-N/A,BC
2891,80531,BoulderCreek2,Boulder Creek Hydro Project-2_Boulder Creek Hydro Project-2_IPP-BLF,BC-N/A-N/A,BC
4925,46464,Boundary51,Boundary-51,WA-6433-51,WA
5961,46466,Boundary52,Boundary-52,WA-6433-52,WA
5962,46468,Boundary53,Boundary-53,WA-6433-53,WA
5963,46470,Boundary54,Boundary-54,WA-6433-54,WA
5964,46472,Boundary55,Boundary-55,WA-6433-55,WA
5965,46474,Boundary56,Boundary-56,WA-6433-56,WA
4931,47010,BoxCanyonAVA1,Box Canyon-1,WA-3891-1,WA
5977,47012,BoxCanyonAVA2,Box Canyon-2,WA-3891-2,WA
5978,47014,BoxCanyonAVA3,Box Canyon-3,WA-3891-3,WA
5979,47016,BoxCanyonAVA4,Box Canyon-4,WA-3891-4,WA
2889,80532,BoxCanyonBC,Box Canyon-BC1_Box Canyon-1_IPP-BOX,BC-N/A-N/A,BC
4007,73333,Boysen1,Boysen 1,WY-505-1,WY
4006,73333,Boysen2,Boysen 2,WY-505-2,WY
2642,51137,Brandywine1,Brandywine-1_Brandywine-1_IPP-BDW,BC-N/A-N/A,BC
2643,51137,Brandywine2,Brandywine-2_Brandywine-2_IPP-BDW,BC-N/A-N/A,BC
5424,54151,BrazeauHydro1,BRAZEAUHYDRO1-1,AB-N/A-N/A,AB
5993,54154,BrazeauHydro2,BRAZEAUHYDRO2-2,AB-N/A-N/A,AB
2905,80506,Bremner1,Bremner-1_Bremner-1_IPP-BRE,BC-N/A-N/A,BC
5044,50959,BridgeRiver1,Bridge River 1-1_Bridge River 1-1_BCH-BRT,BC-N/A-N/A,BC
5045,50960,BridgeRiver2,Bridge River 1-2_Bridge River 1-2_BCH-BRT,BC-N/A-N/A,BC
2568,50963,BridgeRiver21,Bridge River 2-1_Bridge River 2-1_BCH-BRT,BC-N/A-N/A,BC
2569,50964,BridgeRiver22,Bridge River 2-2_Bridge River 2-2_BCH-BRT,BC-N/A-N/A,BC
2570,50965,BridgeRiver23,Bridge River 2-3_Bridge River 2-3_BCH-BRT,BC-N/A-N/A,BC
2571,50966,BridgeRiver24,Bridge River 2-4_Bridge River 2-4_BCH-BRT,BC-N/A-N/A,BC
5046,50961,BridgeRiver3,Bridge River 1-3_Bridge River 1-3_BCH-BRT,BC-N/A-N/A,BC
5047,50962,BridgeRiver4,Bridge River 1-4_Bridge River 1-4_BCH-BRT,BC-N/A-N/A,BC
2980,52151,Brilliant1,Brilliant-1_Brilliant-1_FBC-BRD,BC-N/A-N/A,BC
2981,52152,Brilliant2,Brilliant-2_Brilliant-2_FBC-BRD,BC-N/A-N/A,BC
2982,52153,Brilliant3,Brilliant-3_Brilliant-3_FBC-BRD,BC-N/A-N/A,BC
2983,52154,Brilliant4,Brilliant-4_Brilliant-4_FBC-BRD,BC-N/A-N/A,BC
2984,52160,BrilliantExp,Brilliant Exp-1_Brilliant Exp-1_FBC-BRX,BC-N/A-N/A,BC
2859,80604,BrownLake,Brown Lake-1_Brown Lake-1_IPP-BRL,BC-N/A-N/A,BC
5478,60096,Brownlee1,Brownlee-1,ID-811-1,ID
6005,60097,Brownlee2,Brownlee-2,ID-811-2,ID
6006,60098,Brownlee3,Brownlee-3,ID-811-3,ID
6007,60099,Brownlee4,Brownlee-4,ID-811-4,ID
6008,60100,Brownlee5,Brownlee-5,ID-811-5,ID
1732,31820,Bucks_Creek_H1,Bucks Creek-H1,CA-220-H1,CA
1733,31820,Bucks_Creek_H2,Bucks Creek-H2,CA-220-H2,CA
13940,73334,Buffalo Bill 1,Buffalo Bill 1,WY-7317-1,WY
13941,73334,Buffalo Bill 2,Buffalo Bill 2,WY-7317-2,WY
13966,73439,Buffalo Bill 3,Buffalo Bill 3,WY-7317-3,WY
2629,50003,Buntzen1-1,Buntzen 1-1_Buntzen 1-1_BCH-LB1,BC-N/A-N/A,BC
1578,31780,Butt_Valley_1,Butt Valley-1,CA-221-1,CA
6049,61420,Bypass_GEN1,Bypass-GEN1,ID-50895-GEN1,ID
5467,60321,C_J_Strike_1,C J Strike-1,ID-812-1,ID
11172,60322,C_J_Strike_2,C J Strike-2,ID-812-2,ID
11173,60323,C_J_Strike_3,C J Strike-3,ID-812-3,ID
9749,48061,CabinetGorge1,Cabinet Gorge-1,ID-833-1,ID
9812,48061,CabinetGorge2,Cabinet Gorge-2,ID-833-2,ID
9813,48063,CabinetGorge3,Cabinet Gorge-3,ID-833-3,ID
9814,48063,CabinetGorge4,Cabinet Gorge-4,ID-833-4,ID
4715,33850,Camanche_1,Camanche-1,CA-537-1,CA
6099,33850,Camanche_2,Camanche-2,CA-537-2,CA
6100,33850,Camanche_3,Camanche-3,CA-537-3,CA
13693,37301,Camino 1,Camino H1,CA-430-H1,CA
13694,37302,Camino 2,Camino H2,CA-430-H2,CA
2583,51043,Canoe_Creek,Canoe Creek Hydro-1_Canoe Creek Hydro-1_IPP-CNK,BC-N/A-N/A,BC
3521,625521,Canyon_Ferry_1,Canyon Ferry-1,MT-6400-1,MT
6106,625522,Canyon_Ferry_2,Canyon Ferry-2,MT-6400-2,MT
6107,625523,Canyon_Ferry_3,Canyon Ferry-3,MT-6400-3,MT
1577,31782,Caribou_2_4,Caribou 2-4,CA-223-4,CA
1773,31782,Caribou_2_5,Caribou 2-5,CA-223-5,CA
1726,31810,Caribou1-1,Caribou 1-1,CA-222-1,CA
1724,31808,Caribou1-2,Caribou 1-2,CA-222-2,CA
1725,31808,Caribou1-3,Caribou 1-3,CA-222-3,CA
4921,46210,Carmen_Smith_1,Carmen Smith-1,OR-3067-1,OR
6123,46210,Carmen_Smith_2,Carmen Smith-2,OR-3067-2,OR
6124,46210,Carmen_Smith_3,Carmen Smith-3,OR-3067-3,OR
6136,61015,Cascade_ID_1,Cascade (Idaho)-1,ID-813-1,ID
6137,61015,Cascade_ID_2,Cascade (Idaho)-2,ID-813-2,ID
3321,54176,Cascade1_1,Cascade1-1,AB-N/A-N/A,AB
3320,54176,Cascade2_2,Cascade2-2,AB-N/A-N/A,AB
13585,26001,Castaic 7,Castaic Hydro 7,CA-392-7,CA
2936,80434,Castle_Creek1,Castle Creek (formerly Benjamin Creek)-1_IPP-CSL,BC-N/A-N/A,BC
2858,80620,Castle_Creek2,Castle Creek (formerly Benjamin Creek)-2_IPP-CSL,BC-N/A-N/A,BC
2394,42126,Cedar_Falls_5,Cedar Falls-5,WA-6430-5,WA
2393,42126,Cedar_Falls_6,Cedar Falls-6,WA-6430-6,WA
14925,31850,CEDR FL+_31850_1,CEDR FL+_1,CA-??-??,CA
14926,31850,CEDR FL+_31850_2,CEDR FL+_1,CA-??-??,CA
1745,31838,Centerville1,Centerville-1,CA-224-1,CA
1746,31838,Centerville2,Centerville-2,CA-224-2,CA
14178,40201,Chandler 1-2,Chandler-1 and 2,WA-6406-1,WA
2632,50000,Cheakamus_1,Cheakamus-1_Cheakamus-1_BCH-CMS,BC-N/A-N/A,BC
2631,50001,Cheakamus_2,Cheakamus-2_Cheakamus-2_BCH-CMS,BC-N/A-N/A,BC
2014,46803,Chelan_A_1,Chelan-A-1,WA-6424-A-1,WA
2015,46803,Chelan_A_2,Chelan-A-2,WA-6424-A-2,WA
1817,32462,Chicago_Park_2P,Chicago Park-2P,CA-412-2P,CA
2884,80536,Chickwat_1,Chickwat-1_Chickwat-1_IPP-CKW,BC-N/A-N/A,BC
14142,44141,Chief Joseph,Chief Joseph-1,WA-3921-Agg Plant,WA
2689,51387,China_Creek_1,China Creek-1_China Creek-1_IPP-CHI,BC-N/A-N/A,BC
2690,51387,China_Creek_2,China Creek-2_China Creek-2_IPP-CHI,BC-N/A-N/A,BC
3285,54407,ChinChute_Hydro,ChinChute-1,AB-N/A-N/A,AB
3451,60120,Clear_Lake_ID,Clear Lake-1,ID-814-1,ID
1894,45112,Clearwater1,Clearwater 1-1,OR-3020-1,OR
1895,45116,Clearwater2,Clearwater 2-1,OR-3021-1,OR
4862,31872,CloverCreek,MEGA HYDRO #1 (CLOVER CREEK)-1,CA--,CA
2630,50002,Clowhom_1,Clowhom-1_Clowhom-1_BCH-COM,BC-N/A-N/A,BC
3514,622541,Cochrane_COC1,Cochrane-COC1,MT-2182-COC1,MT
3513,622541,Cochrane_COC2,Cochrane-COC2,MT-2182-COC2,MT
1809,32450,Colgate_1,Colgate-1,CA-454-1,CA
1811,32452,Colgate_2,Colgate-2,CA-454-2,CA
14044,38102,Collierville 1,Collierville GEN1,CA-54555-GEN1,CA
14045,38104,Collierville 2,Collierville GEN2,CA-54555-GEN2,CA
13597,26034,Control Gorge 1,Control Gorge 1,CA-393-1,CA
2975,52141,Corra_Linn_1,Corra Linn-1_Corra Linn-1_FBC-COR,BC-N/A-N/A,BC
2976,52142,Corra_Linn_2,Corra Linn-2_Corra Linn-2_FBC-COR,BC-N/A-N/A,BC
2977,52143,Corra_Linn_3,Corra Linn-3_Corra Linn-3_FBC-COR,BC-N/A-N/A,BC
13654,26703,Cottonwood 1,Cottonwood 1,CA-394-1,CA
13655,26703,Cottonwood 2,Cottonwood 2,CA-394-2,CA
5011,41304,Cougar_1,Cougar-1,OR-3076-1,OR
6423,41304,Cougar_2,Cougar-2,OR-3076-2,OR
9846,31846,CoveHydro1,Cove Hydroelectric-GEN1,CA-10707-GEN1,CA
1759,31856,Cow_Creek_1,Cow Creek-1,CA-229-1,CA
1760,31856,Cow_Creek_2,Cow Creek-2,CA-229-2,CA
5025,40307,Cowlitz_Falls1,Cowlitz Falls-U#1,WA-7427-U#1,WA
6429,40307,Cowlitz_Falls2,Cowlitz Falls-U#2,WA-7427-U#2,WA
1293,34634,Crane_Valley,Crane Valley Hydro-1,CA-??-??,CA
1727,31812,Cresta_1,Cresta-1,CA-231-1,CA
1728,31812,Cresta_2,Cresta-2,CA-231-2,CA
14025,79162,Crystal 1,Crystal 1,CO-6159-1,CO
2888,80533,CullitonCreek1,Culliton Creek-1_Culliton Creek-1_IPP-CTN,BC-N/A-N/A,BC
2887,80533,CullitonCreek2,Culliton Creek-2_Culliton Creek-2_IPP-CTN,BC-N/A-N/A,BC
2009,46791,Cushman_2_31,Cushman 2-31,WA-3915-31,WA
2010,46791,Cushman_2_32,Cushman 2-32,WA-3915-32,WA
2011,46791,Cushman_2_33,Cushman 2-33,WA-3915-33,WA
2007,46789,Cushman1-21,Cushman 1-21,WA-3914-21,WA
2008,46790,Cushman1-22,Cushman 1-22,WA-3914-22,WA
3627,65405,Cutler_1,Cutler-1,UT-3646-1,UT
3628,65406,Cutler_2,Cutler-2,UT-3646-2,UT
6477,80411,Cypress_Creek_1,Cypress Creek-1_Cypress Creek-1_IPP-CCH,BC-N/A-N/A,BC
2941,80416,Dasque_Middle1,Dasque - Middle-1_Dasque - Middle-1_IPP-DSQ,BC-N/A-N/A,BC
13465,19001,Davis Dam 1,Davis Dam 1,AZ-152-1,AZ
13466,19002,Davis Dam 2,Davis Dam 2,AZ-152-2,AZ
13467,19003,Davis Dam 3,Davis Dam 3,AZ-152-3,AZ
13468,19004,Davis Dam 4,Davis Dam 4,AZ-152-4,AZ
13469,19005,Davis Dam 5,Davis Dam 5,AZ-152-5,AZ
5024,40344,Detroit_1,Detroit-1,OR-3077-1,OR
2467,40344,Detroit_2,Detroit-2,OR-3077-2,OR
4539,25648,DevilCanyon1,Devil Canyon 1,CA-436-1,CA
6540,25649,DevilCanyon2,Devil Canyon 2,CA-436-2,CA
6541,25603,DevilCanyon3,Devil Canyon 3,CA-436-3,CA
6542,25604,DevilCanyon4,Devil Canyon 4,CA-436-4,CA
2466,40346,Dexter_1,Dexter-1,OR-3078-1,OR
1974,46419,DiabloHydro_31,Diablo-31,WA-6432-31,WA
1975,46420,DiabloHydro_32,Diablo-32,WA-6432-32,WA
5437,54006,Dickson_Dam1,Dickson Dam IPP 1-1,AB-N/A-N/A,AB
6556,54006,Dickson_Dam2,Dickson Dam IPP 2-2,AB-N/A-N/A,AB
6557,54006,Dickson_Dam3,Dickson Dam IPP 3-3,AB-N/A-N/A,AB
13809,70418,Dillon Hydro,Dillon Hydro Plant GEN1,CO-10421-GEN1,CO
1337,36986,Dion_R_Holm_1,Dion R Holm-1,CA-380-1,CA
1338,36988,Dion_R_Holm_2,Dion R Holm-2,CA-380-2,CA
13653,26702,Division Creek,Division Creek 1,CA-??-??,CA
14046,38550,Don Pedro 1,Don Pedro 1,CA-439-1,CA
14047,38552,Don Pedro 2,Don Pedro 2,CA-439-2,CA
14048,38350,Don Pedro 3,Don Pedro 3,CA-439-3,CA
14049,38554,Don Pedro 4,Don Pedro 4,CA-439-4,CA
1186,34058,Donnells,Donnells-H1,CA-415-H1,CA
6596,50931,DoranTaylor1,Doran Taylor-1_Doran Taylor-1_IPP-DTR,BC-N/A-N/A,BC
2717,51544,Douglas_Kwalsa1,"Douglas (DGL,Kwalsa Energy)-1_Douglas (DGL,Kwalsa Energy)-1_IPP-DGL",BC-N/A-N/A,BC
2718,51544,Douglas_Kwalsa2,"Douglas (DGL,Kwalsa Energy)-2_Douglas (DGL,Kwalsa Energy)-2_IPP-DGL",BC-N/A-N/A,BC
13549,21658,Drop 1,IID DROP 1 HYDRO PLANT (AGGREGATE),CA-585-1|2|3,CA
13550,21659,Drop 2-1,Drop 2 (CA) 1,CA-385-1,CA
13551,21659,Drop 2-2,Drop 2 (CA) 2,CA-385-2,CA
13545,21655,Drop 3-1,Drop 3 (CA) 1,CA-386-1,CA
13546,21655,Drop 3-2,Drop 3 (CA) 2,CA-386-2,CA
13547,21656,Drop 4-1,Drop 4 1,CA-387-1,CA
13548,21657,Drop 4-2,Drop 4 2,CA-387-2,CA
13552,21660,Drop 5,IID DROP 5 HYDRO PLANT (AGGREGATE)|BRAVO_4.16_DROP_5_1,CA-314-1|2,CA
1812,32454,Drum_2_5,Drum 2-5,CA-236-5,CA
1841,32504,Drum1-1,Drum 1-1,CA-235-1,CA
1842,32504,Drum1-2,Drum 1-2,CA-235-2,CA
1843,32506,Drum1-3,Drum 1-3,CA-235-3,CA
1844,32506,Drum1-4,Drum 1-4,CA-235-4,CA
5023,40361,Dworshak_1,Dworshak-1,ID-840-1,ID
6627,40363,Dworshak_2,Dworshak-2,ID-840-2,ID
6628,40365,Dworshak_3,Dworshak-3,ID-840-3,ID
1899,45168,Eagle_Point_1,Eagle Point-1,OR-3024-1,OR
13553,21661,East Highline,East Highline 1|BRAVO_4.16_EAST_HLINE|ESTHIGHL,CA-586-1,CA
2704,51528,East_Toba1,East Toba and Montrose Creek (ETR)-1_East Toba and Montrose Creek (ETR)-1_IPP-ETR,BC-N/A-N/A,BC
2705,51529,East_Toba2,East Toba and Montrose Creek (ETR)-2_East Toba and Montrose Creek (ETR)-2_IPP-ETR,BC-N/A-N/A,BC
1900,45170,EastSide,East Side-1,OR-3025-1,OR
2561,50946,EastTwinCreek1,East Twin Creek-1_East Twin Creek-1_IPP-ETC,BC-N/A-N/A,BC
2563,50946,EastTwinCreek2,East Twin Creek-2_East Twin Creek-2_IPP-ETC,BC-N/A-N/A,BC
2562,50946,EastTwinCreek3,East Twin Creek-3_East Twin Creek-3_IPP-ETC,BC-N/A-N/A,BC
6643,68805,EchoDam1,Echo Dam-NA1_BNTF-GEN_BOUNTIFUL POWER-2-2,UT-4263-NA1,UT
15531,61718,ECKERT,Arrow Rock Hydro Project,ECKERT_34.5_ARHP,ID
1571,38825,EdwardCHyatt1,Edward C Hyatt-1,CA-437-1,CA
13179,38830,EdwardCHyatt2a,Edward C Hyatt-1,CA-437-1,CA
1573,38835,EdwardCHyatt3,Edward C Hyatt-3,CA-437-3,CA
13180,38840,EdwardCHyatt4a,Edward C Hyatt-1,CA-437-1,CA
1575,38845,EdwardCHyatt5,Edward C Hyatt-5,CA-437-5,CA
13181,38850,EdwardCHyatt6a,Edward C Hyatt-1,CA-437-1,CA
13270,13303,El Vado Dam,El Vado Dam 1,NM-7593-1,NM
2937,80433,EldoradoResrvr,Eldorado Reservoir-1_Eldorado Reservoir-1_IPP-ELD,BC-N/A-N/A,BC
1388,33812,Electra_1,Electra-1,CA-239-1,CA
1387,33812,Electra_2,Electra-2,CA-239-2,CA
1386,33812,Electra_3,Electra-3,CA-239-3,CA
2377,42711,Electron_1,Electron-1,WA-3854-1,WA
2376,42711,Electron_2,Electron-2,WA-3854-2,WA
2375,42711,Electron_3,Electron-3,WA-3854-3,WA
2374,42711,Electron_4,Electron-4,WA-3854-4,WA
13276,13501,Elephant Butte 1,Elephant Butte 1,NM-6402-1,NM
13277,13501,Elephant Butte 2,Elephant Butte 2,NM-6402-2,NM
13278,13501,Elephant Butte 3,Elephant Butte 3,NM-6402-3,NM
2552,50775,Elko_1,Elko-1_Elko-1_BCH-ELK,BC-N/A-N/A,BC
2553,50775,Elko_2,Elko-2_Elko-2_BCH-ELK,BC-N/A-N/A,BC
2444,40887,Eltopia_Branch,Eltopia Branch Canal 4.6-1,WA-56696-1,WA
13931,73306,Estes 1,Estes 1,CO-513-1,CO
13932,73307,Estes 2,Estes 2,CO-513-2,CO
13933,73308,Estes 3,Estes 3,CO-513-3,CO
6705,25422,Etiwanda_Hydro,ETIWANDA HYDRO RECOVERY PLANT-1,CA-745-1,CA
1167,34306,Exchequer,Exchequer-1,CA-409-1,CA
2504,50445,FallsRiver_BC_1,Falls River (BC)-1_Falls River-1_BCH-FLS,BC-N/A-N/A,BC
2505,50445,FallsRiver_BC_2,Falls River (BC)-2_Falls River-2_BCH-FLS,BC-N/A-N/A,BC
4989,43187,Faraday_1,Faraday-1,OR-3045-1,OR
6729,43187,Faraday_2,Faraday-2,OR-3045-2,OR
6730,43187,Faraday_3,Faraday-3,OR-3045-3,OR
6731,43187,Faraday_4,Faraday-4,OR-3045-4,OR
6732,43187,Faraday_5,Faraday-5,OR-3045-5,OR
6733,43189,Faraday_6,Faraday-6,OR-3045-6,OR
2715,51543,Fire_Kwalsa1,"Fire (FRE,Kwalsa Energy)-1_Fire (FRE,Kwalsa Energy)-1_IPP-FRE",BC-N/A-N/A,BC
2716,51543,Fire_Kwalsa2,"Fire (FRE,Kwalsa Energy)-2_Fire (FRE,Kwalsa Energy)-2_IPP-FRE",BC-N/A-N/A,BC
1904,45180,Fish_Creek_1,Fish Creek-1,OR-3026-1,OR
2698,51458,FitzsimonsCreek,Fitzsimmons Creek-1_Fitzsimmons Creek-1_IPP-FTZ,BC-N/A-N/A,BC
14020,79154,Flaming Gorge 1,Flaming Gorge 1,UT-6405-1,UT
14021,79155,Flaming Gorge 2,Flaming Gorge 2,UT-6405-2,UT
14022,79156,Flaming Gorge 3,Flaming Gorge 3,UT-6405-3,UT
13969,73448,Flatiron 1,Flatiron 1,CO-518-1,CO
13970,73449,Flatiron 2,Flatiron 2,CO-518-2,CO
14051,37549,Folsom 1,Folsom 1,CA-441-1,CA
14052,37550,Folsom 2,Folsom 2,CA-441-2,CA
14053,37551,Folsom 3,Folsom 3,CA-441-3,CA
14011,79123,Fontenelle,Fontenelle 1,WY-4185-1,WY
13804,70381,Foothills CO,Foothills Hydroelectric GEN1,CO-10070-GEN1,CO
2868,80594,Forrest_Kerr1,Forrest Kerr Hydroelectric-1_Forrest Kerr Hydroelectric-1.1_IPP-FKR,BC-N/A-N/A,BC
2867,80594,Forrest_Kerr2,Forrest Kerr Hydroelectric-2_Forrest Kerr Hydroelectric-1.2_IPP-FKR,BC-N/A-N/A,BC
2866,80594,Forrest_Kerr3,Forrest Kerr Hydroelectric-3_Forrest Kerr Hydroelectric-2.1_IPP-FKR,BC-N/A-N/A,BC
2865,80595,Forrest_Kerr4,Forrest Kerr Hydroelectric-4_Forrest Kerr Hydroelectric-2.2_IPP-FKR,BC-N/A-N/A,BC
2864,80595,Forrest_Kerr5,Forrest Kerr Hydroelectric-5_Forrest Kerr Hydroelectric-2.3_IPP-FKR,BC-N/A-N/A,BC
2863,80595,Forrest_Kerr6,Forrest Kerr Hydroelectric-6_Forrest Kerr Hydroelectric-3.1_IPP-FKR,BC-N/A-N/A,BC
2862,80596,Forrest_Kerr7,Forrest Kerr Hydroelectric-7_Forrest Kerr Hydroelectric-3.2_IPP-FKR,BC-N/A-N/A,BC
2861,80596,Forrest_Kerr8,Forrest Kerr Hydroelectric-8_Forrest Kerr Hydroelectric-3.3_IPP-FKR,BC-N/A-N/A,BC
2860,80596,Forrest_Kerr9,Forrest Kerr Hydroelectric-9_Forrest Kerr Hydroelectric-4_IPP-FKR,BC-N/A-N/A,BC
13014,631001,FortPeck1,Fort Peck-1,MT-6623-1,MT
13015,631002,FortPeck2,Fort Peck-2,MT-6623-2,MT
6794,631003,FortPeck3,Fort Peck-3,MT-6623-3,MT
4983,44031,Foster_1,Foster-1,OR-6552-1,OR
6797,44032,Foster_2,Foster-2,OR-6552-2,OR
13945,73349,Fremont Canyon 1,Fremont Canyon 1,WY-4176-1,WY
13946,73350,Fremont Canyon 2,Fremont Canyon 2,WY-4176-2,WY
4881,32508,French_Meadows,French Meadows-1,CA-424-1,CA
2692,51414,Furry_Creek,Furry Creek-1_Furry Creek-1_IPP-FRI,BC-N/A-N/A,BC
3649,65625,Gem_State_1,Gem State-1,ID-790-1,ID
13792,70195,Georgetown 1-2,Georgetown 1 and 2,CO-472-1|2,CO
3347,58181,GHOST1_1,GHOST1-1,AB-N/A-N/A,AB
3319,54181,GHOST2_2,GHOST2-2,AB-N/A-N/A,AB
3318,54181,GHOST3_3,GHOST3-3,AB-N/A-N/A,AB
3317,54181,GHOST4_4,GHOST4-4,AB-N/A-N/A,AB
14012,79150,Glen Canyon 1,Glen Canyon 1,AZ-153-1,AZ
14013,79150,Glen Canyon 2,Glen Canyon 2,AZ-153-2,AZ
14014,79151,Glen Canyon 3,Glen Canyon 3,AZ-153-3,AZ
14015,79151,Glen Canyon 4,Glen Canyon 4,AZ-153-4,AZ
14016,79152,Glen Canyon 5,Glen Canyon 5,AZ-153-5,AZ
14017,79152,Glen Canyon 6,Glen Canyon 6,AZ-153-6,AZ
14018,79153,Glen Canyon 7,Glen Canyon 7,AZ-153-7,AZ
14019,79153,Glen Canyon 8,Glen Canyon 8,AZ-153-8,AZ
13947,73351,Glendo 1,Glendo 1,WY-4177-1,WY
13948,73352,Glendo 2,Glendo 2,WY-4177-2,WY
5035,50495,GordonMShrum01,Gordon M Shrum-1_Gordon M Shrum-1_BCH-GMS,BC-N/A-N/A,BC
6962,50496,GordonMShrum02,Gordon M Shrum-2_Gordon M Shrum-2_BCH-GMS,BC-N/A-N/A,BC
6963,50497,GordonMShrum03,Gordon M Shrum-3_Gordon M Shrum-3_BCH-GMS,BC-N/A-N/A,BC
6964,50498,GordonMShrum04,Gordon M Shrum-4_Gordon M Shrum-4_BCH-GMS,BC-N/A-N/A,BC
6965,50499,GordonMShrum05,Gordon M Shrum-5_Gordon M Shrum-5_BCH-GMS,BC-N/A-N/A,BC
6966,50500,GordonMShrum06,Gordon M Shrum-6_Gordon M Shrum-6_BCH-GMS,BC-N/A-N/A,BC
6967,50501,GordonMShrum07,Gordon M Shrum-7_Gordon M Shrum-7_BCH-GMS,BC-N/A-N/A,BC
6968,50502,GordonMShrum08,Gordon M Shrum-8_Gordon M Shrum-8_BCH-GMS,BC-N/A-N/A,BC
6969,50503,GordonMShrum09,Gordon M Shrum-9_Gordon M Shrum-9_BCH-GMS,BC-N/A-N/A,BC
6970,50504,GordonMShrum10,Gordon M Shrum-10_Gordon M Shrum-10_BCH-GMS,BC-N/A-N/A,BC
9698,46429,Gorge21,Gorge-21,WA-6431-21,WA
9699,46429,Gorge22,Gorge-22,WA-6431-22,WA
9700,46429,Gorge23,Gorge-23,WA-6431-23,WA
9701,46430,Gorge24,Gorge-24,WA-6431-24,WA
3651,65705,Grace_3,Grace-3,ID-827-3,ID
3652,65710,Grace_4,Grace-4,ID-827-4,ID
3653,65715,Grace_5,Grace-5,ID-827-5,ID
14929,38134,Graegl69_38134_1,Graegl69,38134,CA
14148,41721,Grand Coulee,Grand Coulee,WA-6163-Agg Plant,WA
13934,73316,Green Mountain 1,Green Mountain 1,CO-516-1,CO
13935,73317,Green Mountain 2,Green Mountain 2,CO-516-2,CO
5022,40484,Green_Peter_1,Green Peter-1,OR-3080-1,OR
7016,40484,Green_Peter_2,Green Peter-2,OR-3080-2,OR
1905,45212,Green_Springs,Green Springs-1,OR-6403-1,OR
13949,73353,Guernsey 1,Guernsey 1,WY-4178-1,WY
13968,73444,Guernsey 2,Guernsey 2,WY-4178-2,WY
4916,45687,H_M_Jackson_1,H M Jackson-1,WA-7588-1,WA
7052,45689,H_M_Jackson_2,H M Jackson-2,WA-7588-2,WA
7053,45690,H_M_Jackson_3,H M Jackson-3,WA-7588-3,WA
7054,45690,H_M_Jackson_4,H M Jackson-4,WA-7588-4,WA
1133,34610,Haas1,Haas H1,CA-240-H1,CA
1132,34610,Haas2,Haas H2,CA-240-H2,CA
13656,26739,Haiwee 1,Haiwee 1,CA-398-1,CA
13657,26739,Haiwee 2,Haiwee 2,CA-398-2,CA
1827,32478,Halsey_1,Halsey-1,CA-241-1,CA
7059,31830,HamiltonBranch1,Hamilton Branch-1,CA-242-1,CA
7060,31830,HamiltonBranch2,Hamilton Branch-2,CA-242-2,CA
1750,31846,Hatchet_Creek,Hatchet Creek Project-GEN1,CA-10882-GEN1,CA
2703,51499,Hauer_Creek_1,Hauer Creek-1_Hauer Creek-1_IPP-HAC,BC-N/A-N/A,BC
7083,60283,Hazelton_B1,Hazelton B Hydro-U1,ID-54558-U1,ID
13491,19305,Headgate Rock 1,Headgate Rock 1,AZ-7179-1,AZ
13492,19306,Headgate Rock 2,Headgate Rock 2,AZ-7179-2,AZ
13493,19307,Headgate Rock 3,Headgate Rock 3,AZ-7179-3,AZ
13942,73339,Heart Mountain,Heart Mountain 1,WY-6408-1,WY
7095,32486,Hell_Hole,Hell Hole (Placer County Water Agency)-1,CA-424-1,CA
5475,60151,Hells_Canyon_1,Hells Canyon-1,OR-3013-1,OR
7098,60152,Hells_Canyon_2,Hells Canyon-2,OR-3013-2,OR
7099,60153,Hells_Canyon_3,Hells Canyon-3,OR-3013-3,OR
5014,41213,HillsCreek1,Hills Creek-1,OR-3081-1,OR
7131,41213,HillsCreek2,Hills Creek-2,OR-3081-2,OR
3531,627511,Holter_HOL1,Holter-HOL1,MT-2186-HOL1,MT
3488,627512,Holter_HOL2,Holter-HOL2,MT-2186-HOL2,MT
3487,627513,Holter_HOL3,Holter-HOL3,MT-2186-HOL3,MT
3486,627514,Holter_HOL4,Holter-HOL4,MT-2186-HOL4,MT
13479,19028,Hoover Dam A1,Hoover Dam AZ A1,AZ-8902-A1,AZ
13480,19028,Hoover Dam A2,Hoover Dam AZ A2,AZ-8902-A2,AZ
13474,19023,Hoover Dam A3,Hoover Dam AZ A3,AZ-8902-A3,AZ
13475,19024,Hoover Dam A4,Hoover Dam AZ A4,AZ-8902-A4,AZ
13476,19025,Hoover Dam A5,Hoover Dam AZ A5,AZ-8902-A5,AZ
13477,19026,Hoover Dam A6,Hoover Dam AZ A6,AZ-8902-A6,AZ
13478,19027,Hoover Dam A7,Hoover Dam AZ A7,AZ-8902-A7,AZ
13481,19031,Hoover Dam A8,Hoover Dam AZ A8,AZ-8902-A8,AZ
13482,19031,Hoover Dam A9,Hoover Dam AZ A9,AZ-8902-A9,AZ
13483,19032,Hoover Dam N1,Hoover Dam NV N1,NV-154-N1,NV
13484,19032,Hoover Dam N2,Hoover Dam NV N2,NV-154-N2,NV
13485,19033,Hoover Dam N3,Hoover Dam NV N3,NV-154-N3,NV
13486,19033,Hoover Dam N4,Hoover Dam NV N4,NV-154-N4,NV
13487,19034,Hoover Dam N5,Hoover Dam NV N5,NV-154-N5,NV
13488,19034,Hoover Dam N6,Hoover Dam NV N6,NV-154-N6,NV
13489,19035,Hoover Dam N7,Hoover Dam NV N7,NV-154-N7,NV
13490,19035,Hoover Dam N8,Hoover Dam NV N8,NV-154-N8,NV
13377,15931,Horse Mesa HM1,Horse Mesa Hydro HM1,AZ-145-HM1,AZ
13378,15931,Horse Mesa HM2,Horse Mesa Hydro HM2,AZ-145-HM2,AZ
13379,15931,Horse Mesa HM3,Horse Mesa Hydro HM3,AZ-145-HM3,AZ
7169,61248,HorseshoBendHY1,Horseshoe Bend Hydroelectric Company-GEN1,ID-54524-GEN1,ID
3326,54172,Horseshoe1_HY1,Horseshoe1-HY1,AB-N/A-N/A,AB
3325,54172,Horseshoe2_HY2,Horseshoe2-HY2,AB-N/A-N/A,AB
3324,54172,Horseshoe3_HY3,Horseshoe3-HY3,AB-N/A-N/A,AB
3323,54172,Horseshoe4_HY4,Horseshoe4-HY4,AB-N/A-N/A,AB
5021,40555,Hungry_Horse_1,Hungry Horse-1,MT-2203-1,MT
7177,40555,Hungry_Horse_2,Hungry Horse-2,MT-2203-2,MT
7178,40556,Hungry_Horse_3,Hungry Horse-3,MT-2203-3,MT
7179,40556,Hungry_Horse_4,Hungry Horse-4,MT-2203-4,MT
2680,51307,Hystad_Creek_1,Hystad Creek-1_Hystad Creek-1_IPP-HYC,BC-N/A-N/A,BC
2681,51307,Hystad_Creek_2,Hystad Creek-2_Hystad Creek-2_IPP-HYC,BC-N/A-N/A,BC
14147,40559,Ice Harbor,Ice Harbor-1,WA-3925-Agg Plant,WA
3288,54377,Interlakes_1,Interlakes-1,AB-N/A-N/A,AB
3277,54450,Irrican,IRRICAN1-1,AB-N/A-N/A,AB
1584,31768,James_B_Black_1,James B Black-1,CA-249-1,CA
1583,31770,James_B_Black_2,James B Black-2,CA-249-2,CA
2791,80388,Jamie_Creek_1,Jamie Creek-1_Jamie Creek-1_IPP-JME,BC-N/A-N/A,BC
2792,80388,Jamie_Creek_2,Jamie Creek-2_Jamie Creek-2_IPP-JME,BC-N/A-N/A,BC
13696,37305,Jaybird H1,Jaybird H1,CA-431-H1,CA
13697,37306,Jaybird H2,Jaybird H2,CA-431-H2,CA
2895,80529,JimmieCreek1,Jimmie Creek Hydro Project-1_Jimmie Creek Hydro Project-1_IPP-JMC,BC-N/A-N/A,BC
2894,80529,JimmieCreek2,Jimmie Creek Hydro Project-2_Jimmie Creek Hydro Project-2_IPP-JMC,BC-N/A-N/A,BC
14144,44071,John Day,John Day,OR-3082-Agg Plant,OR
1891,45023,John_C_Boyle_1,John C Boyle-1,OR-3028-1,OR
1893,45064,John_C_Boyle_2,John C Boyle-2,OR-3028-2,OR
7311,50307,JohnHart1_Exp,John Hart Upgrade Project-1_BCH-JHT,BC-N/A-N/A,BC
7312,50308,JohnHart2_Exp,John Hart Upgrade Project-2_BCH-JHT,BC-N/A-N/A,BC
7313,50309,JohnHart3_Exp,John Hart Upgrade Project-3_BCH-JHT,BC-N/A-N/A,BC
13698,37307,Jones Fork H1,Jones Fork 1,CA-534-1,CA
2598,50306,Jordan_River,Jordan River-1_Jordan River-1_BCH-JOR,BC-N/A-N/A,BC
14064,37553,Judge F Carr 1,Judge Francis Carr 1|Judge F Carr 1,CA-442-1,CA
14065,37553,Judge F Carr 2,Judge Francis Carr 2,CA-442-2,CA
3312,54196,Kananaskis1_1,Kananaskis1-1,AB-N/A-N/A,AB
3311,54196,Kananaskis2_HY2,Kananaskis2-HY2,AB-N/A-N/A,AB
3310,54196,Kananaskis3_HY3,Kananaskis3-HY3,AB-N/A-N/A,AB
7355,24370,Kaweah1,Kaweah 1-1,CA-337-1,CA
1743,31834,Kelly_Ridge_1,Kelly Ridge-1,CA-418-1,CA
2588,50437,Kemano_1,Kemano-1_Kemano (RTA 2007 EPA)-1_IPP-KMO,BC-N/A-N/A,BC
2587,50438,Kemano_2,Kemano-2_Kemano (RTA 2007 EPA)-2_IPP-KMO,BC-N/A-N/A,BC
2498,50439,Kemano_3,Kemano-3_Kemano (RTA 2007 EPA)-3_IPP-KMO,BC-N/A-N/A,BC
2499,50440,Kemano_4,Kemano-4_Kemano (RTA 2007 EPA)-4_IPP-KMO,BC-N/A-N/A,BC
2500,50441,Kemano_5,Kemano-5_Kemano (RTA 2007 EPA)-5_IPP-KMO,BC-N/A-N/A,BC
2501,50442,Kemano_6,Kemano-6_Kemano (RTA 2007 EPA)-6_IPP-KMO,BC-N/A-N/A,BC
2502,50443,Kemano_7,Kemano-7_Kemano (RTA 2007 EPA)-7_IPP-KMO,BC-N/A-N/A,BC
2503,50444,Kemano_8,Kemano-8_Kemano (RTA 2007 EPA)-8_IPP-KMO,BC-N/A-N/A,BC
1166,34308,Kerckhoff_2_1,Kerckhoff 2-1,CA-682-1,CA
1151,34344,Kerckhoff_H1,Kerckhoff-H1,CA-250-H1,CA
1150,34343,Kerckhoff_H2,Kerckhoff-H2,CA-250-H2,CA
1149,34345,Kerckhoff_H3,Kerckhoff-H3,CA-250-H3,CA
609,24437,KernRiver1_1,Kern River 1-1,CA-340-1,CA
7378,24437,KernRiver1-2,Kern River 1-2,CA-340-2,CA
7379,24437,KernRiver1-3,Kern River 1-3,CA-340-3,CA
7380,24437,KernRiver1-4,Kern River 1-4,CA-340-4,CA
3536,629511,Kerr_KER1,Kerr-KER1,MT-2188-KER1,MT
3482,629512,Kerr_KER2,Kerr-KER2,MT-2188-KER2,MT
3535,629513,Kerr_KER3,Kerr-KER3,MT-2188-KER3,MT
14067,37559,Keswick 1,Keswick 1,CA-443-1,CA
14068,37556,Keswick 2,Keswick 2,CA-443-2,CA
14069,37557,Keswick 3,Keswick 3,CA-443-3,CA
1285,34616,KingsRiverHY,Kings River-H1,CA-254-H1,CA
2660,51216,Kokish_River_1,Kokish River-1_Kokish River-1_IPP-KKS,BC-N/A-N/A,BC
2661,51216,Kokish_River_2,Kokish River-2_Kokish River-2_IPP-KKS,BC-N/A-N/A,BC
2662,51216,Kokish_River_3,Kokish River-3_Kokish River-3_IPP-KKS,BC-N/A-N/A,BC
14577,51216,Kokish_River_4,"NA",KOKISHRV_13.8_G4,ID
2392,42128,Koma_Kulshan,Koma Kulshan Associates-GEN1,WA-54267-GEN1,WA
2545,50769,KootenayCanal1,Kootenay Canal-1_Kootenay Canal-1_BCH-KCL,BC-N/A-N/A,BC
2546,50770,KootenayCanal2,Kootenay Canal-2_Kootenay Canal-2_BCH-KCL,BC-N/A-N/A,BC
2547,50771,KootenayCanal3,Kootenay Canal-3_Kootenay Canal-3_BCH-KCL,BC-N/A-N/A,BC
2548,50772,KootenayCanal4,Kootenay Canal-4_Kootenay Canal-4_BCH-KCL,BC-N/A-N/A,BC
13950,73356,Kortes 1,Kortes 1,WY-4180-1,WY
13951,73357,Kortes 2,Kortes 2,WY-4180-2,WY
13952,73358,Kortes 3,Kortes 3,WY-4180-3,WY
14930,24372,KR3-1_24372_1,Kern River 3-1,24372,CA
14931,24373,KR3-1_24373_2,Kern River 3-1,24372,CA
2734,51583,KwoiekCreek1,Kwoiek Creek-1_Kwoiek Creek-1.1_IPP-KCH,BC-N/A-N/A,BC
2735,51583,KwoiekCreek2,Kwoiek Creek-2_Kwoiek Creek-1.2_IPP-KCH,BC-N/A-N/A,BC
2736,51583,KwoiekCreek3,Kwoiek Creek-3_Kwoiek Creek-2.1_IPP-KCH,BC-N/A-N/A,BC
2737,51583,KwoiekCreek4,Kwoiek Creek-4_Kwoiek Creek-2.2_IPP-KCH,BC-N/A-N/A,BC
2963,52111,L_Bonnington_1,L Bonnington-1_L Bonnington-1_FBC-LBO,BC-N/A-N/A,BC
2964,52112,L_Bonnington_2,L Bonnington-2_L Bonnington-2_FBC-LBO,BC-N/A-N/A,BC
2965,52113,L_Bonnington_3,L Bonnington-3_L Bonnington-3_FBC-LBO,BC-N/A-N/A,BC
14070,38560,La Grange 1-2,La Grange 1 & 2,CA-440-1|2,CA
2627,50170,La_Joie_1,La Joie-1_La Joie-1_BCH-LAJ,BC-N/A-N/A,BC
2602,50300,Ladore_Falls_1,Ladore Falls-1_Ladore Falls-1_BCH-LDR,BC-N/A-N/A,BC
2601,50301,Ladore_Falls_2,Ladore Falls-2_Ladore Falls-2_BCH-LDR,BC-N/A-N/A,BC
4928,46732,LaGrande_1,LaGrande-1,WA-3916-1,WA
7473,46732,LaGrande_2,LaGrande-2,WA-3916-2,WA
7474,46732,LaGrande_3,LaGrande-3,WA-3916-3,WA
7475,46732,LaGrande_4,LaGrande-4,WA-3916-4,WA
7476,46733,LaGrande_5,LaGrande-5,WA-3916-5,WA
7482,41097,LakeCreek_BPA1,Lake Creek FERC P-2594-HY1,MT-??-??,MT
14932,29008,LAKEGEN_29008_1,LAKEGEN,29008,CA
15446,44971,LAKESISK,LAKESISK,"NA",OR
2709,51541,LamontUprStave1,"Lamont (LMN, Upper Stave Energy)-1_Lamont (LMN, Upper Stave Energy)-1_IPP-LMN",BC-N/A-N/A,BC
2710,51541,LamontUprStave2,"Lamont (LMN, Upper Stave Energy)-2_Lamont (LMN, Upper Stave Energy)-2_IPP-LMN",BC-N/A-N/A,BC
14152,46304,Leaburg (EWEB),Leaburg-1,OR-3068-1,OR
1909,45290,Lemolo_2_1,Lemolo 2-1,OR-6421-1,OR
1907,45256,Lemolo1-1,Lemolo 1-1,OR-3029-1,OR
7544,31852,Lewiston_1,Lewiston-1,CA-??-??,CA
4978,44191,Libby_1,Libby-1,MT-6172-1,MT
7546,44192,Libby_2,Libby-2,MT-6172-2,MT
7547,44193,Libby_3,Libby-3,MT-6172-3,MT
7548,44194,Libby_4,Libby-4,MT-6172-4,MT
7549,44195,Libby_5,Libby-5,MT-6172-5,MT
14141,44211,Little Goose,Little Goose,WA-3926-Agg Plant,WA
4965,48189,Little_Falls_1,Little Falls-1,WA-3866-1,WA
7568,48189,Little_Falls_2,Little Falls-2,WA-3866-2,WA
7569,48191,Little_Falls_3,Little Falls-3,WA-3866-3,WA
7570,48191,Little_Falls_4,Little Falls-4,WA-3866-4,WA
4966,48205,Long_Lake_1,Long Lake-1,WA-3867-1,WA
7606,48207,Long_Lake_2,Long Lake-2,WA-3867-2,WA
7607,48209,Long_Lake_3,Long Lake-3,WA-3867-3,WA
7608,48211,Long_Lake_4,Long Lake-4,WA-3867-4,WA
2667,51240,LongLake1,Long Lake Hydro-1_Long Lake Hydro-1_IPP-LNL,BC-N/A-N/A,BC
2668,51240,LongLake2,Long Lake Hydro-2_Long Lake Hydro-2_IPP-LNL,BC-N/A-N/A,BC
4887,44271,Lookout_Point_1,Lookout Point-1,OR-3083-1,OR
7613,44272,Lookout_Point_2,Lookout Point-2,OR-3083-2,OR
7614,44273,Lookout_Point_3,Lookout Point-3,OR-3083-3,OR
13699,37308,Loon Lake,Loon Lake H1,CA-432-H1,CA
5010,41306,LostCreek_OR1,Lost Creek-1,OR-6174-1,OR
7631,41306,LostCreek_OR2,Lost Creek-2,OR-6174-2,OR
14135,44231,Lower Granite,Lower Granite,WA-6175-Agg Plant,WA
14027,79166,Lower Molina,Lower Molina 1,CO-520-1,CO
14136,44251,Lower Monumental,Lower Monumental,WA-3927-Agg Plant,WA
2397,42137,Lower_Baker_3,Lower Baker-3,WA-3855-4,WA
2699,51468,Lower_Clowhom_1,Lower Clowhom-1_Lower Clowhom-1_IPP-LCH,BC-N/A-N/A,BC
3442,60196,Lower_Malad_1,Lower Malad-1,ID-815-1,ID
5472,60201,Lower_Salmon_1,Lower Salmon-1,ID-816-1,ID
7642,60202,Lower_Salmon_2,Lower Salmon-2,ID-816-2,ID
7643,60203,Lower_Salmon_3,Lower Salmon-3,ID-816-3,ID
7644,60204,Lower_Salmon_4,Lower Salmon-4,ID-816-4,ID
5001,42121,LowerBaker4,Lower Baker-4,WA-3855-3,WA
2686,51369,LowerBear1,Lower Bear Hydro-1_Lower Bear Hydro-1_IPP-BHL,BC-N/A-N/A,BC
2687,51369,LowerBear2,Lower Bear Hydro-2_Lower Bear Hydro-2_IPP-BHL,BC-N/A-N/A,BC
7658,60135,LowLineMidway1,Low Line Midway-1,ID-??-??,ID
3437,61816,LuckyPeak131,Lucky Peak Power Plant Project-U131,ID-10014-U131,ID
3436,61817,LuckyPeak132,Lucky Peak Power Plant Project-U132,ID-10014-U132,ID
3435,61817,LuckyPeak133,Lucky Peak Power Plant Project-U133,ID-10014-U133,ID
857,24784,Lundy1,Lundy 1_LUNDY HYDRO PLANT (AGGREGATE)-1,CA-342-1,CA
7676,61469,MagicDam1,Magic Dam Hydroelectric Project-GEN1,ID-10740-GEN1,ID
1991,46619,MainCanal,Main Canal Headworks-1,WA-56698-1,WA
4428,24317,MammothPool1,Mammoth Pool Unit 1 in BIG CREEK HYDRO PROJECT PSP,CA-344-1,CA
772,24318,MammothPool2,Mammoth Pool Unit 1 in BIG CREEK HYDRO PROJECT PSP,CA-344-2,CA
2558,50925,Mamquam_1,Mamquam-1_Mamquam-1_IPP-MAM,BC-N/A-N/A,BC
2559,50927,Mamquam_2,Mamquam-2_Mamquam-2_IPP-MAM,BC-N/A-N/A,BC
2657,51213,Marion3_Creek,Marion 3 Creek-1_Marion 3 Creek-1_IPP-M3C,BC-N/A-N/A,BC
13936,73319,Marys Lake,Marys Lake 1,CO-517-1,CO
1992,46623,Mayfield_41,Mayfield-41,WA-3917-41,WA
1993,46624,Mayfield_42,Mayfield-42,WA-3917-42,WA
1994,46624,Mayfield_43,Mayfield-43,WA-3917-43,WA
1995,46624,Mayfield_44,Mayfield-44,WA-3917-44,WA
1171,34219,McCall_QF,MCCALL AREA LUMPED QF UNITS-1,CA-??-??,CA
2836,80787,McLymontCreek,McLymont Creek-1_McLymont Creek-1_IPP-MCY,BC-N/A-N/A,BC
2688,51374,McNair_Creek_1,McNair Creek-1_McNair Creek-1_IPP-MCH,BC-N/A-N/A,BC
14143,44101,McNary,McNary-1,OR-3084-Agg Plant,OR
2449,40718,McNaryFishway,McNary Dam Fish Attraction Project-1,WA-7511-1,WA
14029,79176,McPhee,McPhee 1,CO-7372-1,CO
7752,34320,McSwain_1,McSwain-1,CA-410-1,CA
2666,51237,Mears_Creek_1,Mears Creek-1_Mears Creek-1_IPP-MEA,BC-N/A-N/A,BC
1910,45340,Merwin_1,Merwin-1,WA-3847-1,WA
1911,45342,Merwin_2,Merwin-2,WA-3847-2,WA
1912,45344,Merwin_3,Merwin-3,WA-3847-3,WA
2177,48227,MeyersFalls1,Meyers Falls-UN1,WA-3868-UN1,WA
2178,48227,MeyersFalls2,Meyers Falls-UN2,WA-3868-UN2,WA
2527,50637,Mica_1,Mica-1_Mica-1_BCH-MCA,BC-N/A-N/A,BC
2528,50638,Mica_2,Mica-2_Mica-2_BCH-MCA,BC-N/A-N/A,BC
2529,50639,Mica_3,Mica-3_Mica-3_BCH-MCA,BC-N/A-N/A,BC
2530,50640,Mica_4,Mica-4_Mica-4_BCH-MCA,BC-N/A-N/A,BC
2635,51125,Mica_G5_5,Mica G5-5_Mica G5-5_BCH-MCA,BC-N/A-N/A,BC
2636,51126,Mica_G6_6,Mica G6-6_Mica G6-6_BCH-MCA,BC-N/A-N/A,BC
7811,61023,MichellButte,Mitchell Butte Power Project-GEN1,OR-50360-GEN1,OR
13596,26033,Middle Gorge,Middle Gorge 1,CA-401-1,CA
2942,80415,MiddleCreek1,Middle Creek Hydro Project-1_Middle Creek Hydro Project-1_IPP-MDL,BC-N/A-N/A,BC
1813,32456,MIddleFork1,MIDDLE FORK-RALSTON PROJECT (AGGREGATE)-1,CA-425-1,CA
1814,32456,MIddleFork2,MIDDLE FORK-RALSTON PROJECT (AGGREGATE)-1,CA-425-2,CA
7838,51055,MillerCreek1,Miller Creek-1_Miller Creek-1_IPP-MCP,BC-N/A-N/A,BC
7839,51054,MillerCreek2,Miller Creek-2_Miller Creek-2_IPP-MCP,BC-N/A-N/A,BC
5470,60246,Milner_Hydro_1,Milner Hydro-1,ID-7190-1,ID
7842,60246,Milner_Hydro_2,Milner Hydro-2,ID-7190-2,ID
5469,61811,Minidoka_6,Minidoka-6,ID-6398-6,ID
7846,61811,Minidoka_7,Minidoka-7,ID-6398-7,ID
7847,61812,Minidoka_8,Minidoka-8,ID-6398-8,ID
7848,61812,Minidoka_9,Minidoka-9,ID-6398-9,ID
1339,36990,Moccasin_1,Moccasin-1,CA-381-1,CA
1340,36992,Moccasin_2,Moccasin-2,CA-381-2,CA
4346,25657,Mojave_Siphon_1,Mojave Siphon-1,CA-7072-1,CA
7871,25658,Mojave_Siphon_2,Mojave Siphon-2,CA-7072-2,CA
7872,25659,Mojave_Siphon_3,Mojave Siphon-3,CA-7072-3,CA
2179,48241,Monroe_Street_6,Monroe Street-6,WA-9095-6,WA
2706,51530,Montrose_Creek1,East Toba and Montrose Creek (MTC)-1_East Toba and Montrose Creek (MTC)-1_IPP-MTC,BC-N/A-N/A,BC
2707,51530,Montrose_Creek2,East Toba and Montrose Creek (MTC)-2_East Toba and Montrose Creek (MTC)-2_IPP-MTC,BC-N/A-N/A,BC
7895,61261,MoraDrop,Mora Drop Hydroelectric Project-1,ID-56498-1,ID
13381,15941,Mormon Flat 1,Mormon Flat Hydro MF1,AZ-148-MF1,AZ
3512,622551,Morony_MOR1,Morony-MOR1,MT-2191-MOR1,MT
3511,622551,Morony_MOR2,Morony-MOR2,MT-2191-MOR2,MT
14005,79019,Morrow Point 1,Morrow Point 1,CO-514-1,CO
14006,79019,Morrow Point 2,Morrow Point 2,CO-514-2,CO
1996,46627,Mossyrock_51,Mossyrock-51,WA-3918-51,WA
1997,46628,Mossyrock_52,Mossyrock-52,WA-3918-52,WA
2438,41240,MoyieSprings1,Moyie Springs-1,ID-6506-1,ID
1587,31764,MuckValley,Muck Valley Hydroelectric-GEN1,CA-10458-GEN1,CA
1820,32468,Narrows2,Narrows 2-1,CA-455-1,CA
13498,19716,Navajo Dam 1,Navajo Dam 1,NM-584-1,NM
13499,19716,Navajo Dam 2,Navajo Dam 2,NM-584-2,NM
14075,38365,New Hogan 1,New Hogan GEN1,CA-50755-GEN1,CA
14076,38365,New Hogan 2,New Hogan GEN2,CA-50755-GEN2,CA
14077,37561,New Melones 1,New Melones 1,CA-6158-1,CA
14078,37562,New Melones 2,New Melones 2,CA-6158-2,CA
15554,70535,NEW_0_70535_H1,"NA","NA",CO
15592,80731,NEW_KSM1 25S1_80731_1,"NA","NA",BC
15551,70343,NEW_QUINCY_70343_H1,"NA","NA",CO
15576,76502,NEW_SPFSHPRK_76502_1,Spearfish Park Hydro,"NA",CO
15552,70417,NEW_SULLIVN_70417_H1,"NA","NA",CO
15553,70510,NEW_VICTORY_70510_S1,"NA","NA",CO
11177,48265,NineMile1Exp,Nine Mile-1,WA-3869-1,WA
4968,48265,NineMile2Exp,Nine Mile-2,WA-3869-2,WA
4969,48267,NineMile3,Nine Mile-3N,WA-3869-3N,WA
4970,48267,NineMile4,Nine Mile-4N,WA-3869-4N,WA
2351,43359,NorthFork_OR1,North Fork-1,OR-3047-1,OR
2350,43359,NorthFork_OR2,North Fork-2,OR-3047-2,OR
8048,48285,Noxon_Rapids_1,Noxon Rapids-1,MT-2199-1,MT
8049,48285,Noxon_Rapids_2,Noxon Rapids-2,MT-2199-2,MT
8050,48287,Noxon_Rapids_3,Noxon Rapids-3,MT-2199-3,MT
8051,48287,Noxon_Rapids_4,Noxon Rapids-4,MT-2199-4,MT
4972,48283,Noxon_Rapids_5,Noxon Rapids-5,MT-2199-5,MT
2793,80389,NW_StaveRiver1,Northwest Stave River-1_Northwest Stave River-1_IPP-NWS,BC-N/A-N/A,BC
2948,80389,NW_StaveRiver2,Northwest Stave River-2_Northwest Stave River-2_IPP-NWS,BC-N/A-N/A,BC
2947,80389,NW_StaveRiver3,Northwest Stave River-3_Northwest Stave River-3_IPP-NWS,BC-N/A-N/A,BC
2349,43368,Oak_Grove_1,Oak Grove-1,OR-6505-1,OR
2348,43369,Oak_Grove_2,Oak Grove-2,OR-6505-2,OR
3361,58230,Oldman_2_2,Oldman 2-2,AB-N/A-N/A,AB
3360,58230,Oldman1-1,Oldman 1-1,AB-N/A-N/A,AB
8093,31854,Olsen_GEN1,Olsen-GEN1,CA-50180-GEN1,CA
3669,66125,Oneida_1,Oneida-1,ID-829-1,ID
3667,66120,Oneida_2,Oneida-2,ID-829-2,ID
3668,66120,Oneida_3,Oneida-3,ID-829-3,ID
11178,45368,OpalSpringsHydro1,Opal Springs Hydro-1,OR-54251-1,OR
1829,32484,Oxbow_(CA)_1,Oxbow (CA)-1,CA-426-1,CA
3426,60276,Oxbow_(OR)_1,Oxbow (OR)-1,OR-3014-1,OR
3425,60276,Oxbow_(OR)_2,Oxbow (OR)-2,OR-3014-2,OR
3424,60277,Oxbow_(OR)_3,Oxbow (OR)-3,OR-3014-3,OR
3423,60277,Oxbow_(OR)_4,Oxbow (OR)-4,OR-3014-4,OR
2049,47047,Packwood,Packwood-1,WA-3929-1,WA
3670,66160,Palisades_1,Palisades-1,ID-850-1,ID
3671,66165,Palisades_2,Palisades-2,ID-850-2,ID
3672,66170,Palisades_3,Palisades-3,ID-850-3,ID
3673,66175,Palisades_4,Palisades-4,ID-850-4,ID
8197,33846,Pardee_1,Pardee-1,CA-376-1,CA
8198,33848,Pardee_2,Pardee-2,CA-376-2,CA
8199,33846,Pardee_3,Pardee-3,CA-376-3,CA
13470,19006,Parker Dam 1,Parker Dam 1,AZ-447-1,CA
13471,19007,Parker Dam 2,Parker Dam 2,AZ-447-2,CA
13472,19008,Parker Dam 3,Parker Dam 3,AZ-447-3,CA
13473,19009,Parker Dam 4,Parker Dam 4,AZ-447-4,CA
2519,50513,Peace_Canyon_1,Peace Canyon-1_Peace Canyon-1_BCH-PCN,BC-N/A-N/A,BC
2520,50514,Peace_Canyon_2,Peace Canyon-2_Peace Canyon-2_BCH-PCN,BC-N/A-N/A,BC
2521,50515,Peace_Canyon_3,Peace Canyon-3_Peace Canyon-3_BCH-PCN,BC-N/A-N/A,BC
2522,50516,Peace_Canyon_4,Peace Canyon-4_Peace Canyon-4_BCH-PCN,BC-N/A-N/A,BC
1944,46055,PEC_Headworks_1,PEC Headworks-1,WA-7113-1,WA
2345,43407,Pelton_1,Pelton-1,OR-3048-1,OR
2344,43407,Pelton_2,Pelton-2,OR-3048-2,OR
2343,43407,Pelton_3,Pelton-3,OR-3048-3,OR
2341,43429,PHP_2_2,PHP 2-2,OR-4214-2,OR
2342,43425,PHP1-1,PHP 1-1,OR-4213-1,OR
13530,21368,Pilot Knob 1,Pilot Knob 1,CA-388-1,CA
13531,21368,Pilot Knob 2,Pilot Knob 2,CA-388-2,CA
1515,38720,Pine_Flat_1,Pine Flat-1,CA-7907-1,CA
1516,38720,Pine_Flat_2,Pine Flat-2,CA-7907-2,CA
1517,38720,Pine_Flat_3,Pine Flat-3,CA-7907-3,CA
2637,51131,Pingston_1,Pingston-1_Pingston-1_IPP-PIN,BC-N/A-N/A,BC
2638,51132,Pingston_2,Pingston-2_Pingston-2_IPP-PIN,BC-N/A-N/A,BC
2639,51133,Pingston_3,Pingston-3_Pingston-3_IPP-PIN,BC-N/A-N/A,BC
1730,31818,Pit_1_H1,Pit 1-H1,CA-265-H1,CA
8282,31818,Pit_1_H2,Pit 1-H2,CA-265-H2,CA
1717,31802,Pit_3_H1,Pit 3-H1,CA-266-H1,CA
8283,31802,Pit_3_H2,Pit 3-H2,CA-266-H2,CA
8284,31802,Pit_3_H3,Pit 3-H3,CA-266-H3,CA
1586,31766,Pit_4_1,Pit 4-1,CA-267-1,CA
8285,31766,Pit_4_2,Pit 4-2,CA-267-2,CA
1720,31804,Pit_5_H1,Pit 5-H1,CA-268-H1,CA
8286,31804,Pit_5_H2,Pit 5-H2,CA-268-H2,CA
8287,31806,Pit_5_H3,Pit 5-H3,CA-268-H3,CA
8288,31806,Pit_5_H4,Pit 5-H4,CA-268-H4,CA
1582,31772,Pit_6_H1,Pit 6-H1,CA-269-H1,CA
8289,31774,Pit_6_H2,Pit 6-H2,CA-269-H2,CA
1580,31776,Pit_7_H1,Pit 7-H1,CA-270-H1,CA
8290,31778,Pit_7_H2,Pit 7-H2,CA-270-H2,CA
13651,26700,Pleasant Valley,Pleasant Valley 1,CA-402-1,CA
3308,54214,POCATERA_1,POCATERA-1,AB-N/A-N/A,AB
1712,31790,Poe_1,Poe-1,CA-272-1,CA
1713,31792,Poe_2,Poe-2,CA-272-2,CA
13937,73324,Pole Hill,Pole Hill 1,CO-519-1,CO
8318,24787,Poole_1,Poole-1,CA-353-1,CA
4973,48331,Post_Falls_1,Post Falls-1,ID-835-1,ID
8341,48331,Post_Falls_2,Post Falls-2,ID-835-2,ID
8342,48331,Post_Falls_3,Post Falls-3,ID-835-3,ID
8343,48331,Post_Falls_4,Post Falls-4,ID-835-4,ID
8344,48331,Post_Falls_5,Post Falls-5,ID-835-5,ID
8345,48333,Post_Falls_6,Post Falls-6,ID-835-6,ID
2462,40467,Potholes_East,Potholes East Canal 66.0-1,WA-56697-1,WA
2780,80361,Powell_River_5,Powell River-5_Powell River-5_IPP-POW,BC-N/A-N/A,BC
14137,46170,Priest Rapids,Priest Rapids-1,WA-3887-Agg Plant,WA
9694,45453,Prospect1,Prospect 1-1,OR-3032-1,OR
9697,45551,Prospect2-1,Prospect 2-1,OR-3033-1,OR
9695,45459,Prospect2-2,Prospect 2-2,OR-3033-2,OR
9696,45549,Prospect3,Prospect 3-1,OR-3034-1,OR
9693,45445,Prospect4,Prospect 4-1,OR-3035-1,OR
2556,51305,PtarmiganCreek1,Ptarmigan Creek (Robson Valley)-1_Ptarmigan Creek (Robson Valley)-1_IPP-RBV,BC-N/A-N/A,BC
8393,51306,PtarmiganCreek2,Ptarmigan Creek (Robson Valley)-2_Ptarmigan Creek (Robson Valley)-2_IPP-RBV,BC-N/A-N/A,BC
11977,50896,PtarminganCreek3,Unknown Type & Dynamic Model in Power Flow,--,BC
2603,50299,Puntledge_1,Puntledge-1_Puntledge-1_BCH-PUN,BC-N/A-N/A,BC
15594,80790,PWF W,PWF W,"NA",BC
4918,46071,QuincyChute,Quincy Chute-1,WA-917-1,WA
1271,36980,R_C_Kirkwood_1,R C Kirkwood-1,CA-382-1,CA
1272,36982,R_C_Kirkwood_2,R C Kirkwood-2,CA-382-2,CA
1336,36984,R_C_Kirkwood_3,R C Kirkwood-3,CA-382-3,CA
2649,51145,Raging_River2_1,Raging River 2-1_Raging River 2-1_IPP-RRH,BC-N/A-N/A,BC
2944,80405,Raging_River2_2,Raging River 2-2_Raging River 2-2_IPP-RRH,BC-N/A-N/A,BC
15672,61008,Railroad Solar Center LLC,Cascade (Idaho)-1,ID-813-1,ID
5485,622515,Rainbow9,Rainbow-RAI9,MT-2193-RAI9,MT
1815,32458,Ralston,MIDDLE FORK-RALSTON PROJECT (AGGREGATE)-1,CA-427-1,CA
2886,80534,Ramonas_L_1,Ramonas L-1_Ramonas L-1_IPP-RML,BC-N/A-N/A,BC
2885,80535,Ramonas_U_1,Ramonas U-1_Ramonas U-1_IPP-RMU,BC-N/A-N/A,BC
3283,54414,Raymond,Raymond Reservoir-1,AB-N/A-N/A,AB
2535,50644,Revelstoke_1,Revelstoke-1_Revelstoke-1_BCH-REV,BC-N/A-N/A,BC
2536,50645,Revelstoke_2,Revelstoke-2_Revelstoke-2_BCH-REV,BC-N/A-N/A,BC
2537,50646,Revelstoke_3,Revelstoke-3_Revelstoke-3_BCH-REV,BC-N/A-N/A,BC
2538,50647,Revelstoke_4,Revelstoke-4_Revelstoke-4_BCH-REV,BC-N/A-N/A,BC
2578,51032,Revelstoke_5,Revelstoke-5_Revelstoke-5_BCH-REV,BC-N/A-N/A,BC
13916,72742,Ridgeway 1,Ridgeway Hydro-1,_-_-_,CO
13917,72742,Ridgeway 2,Ridgeway Hydro-2,_-_-_,CO
4988,43465,River_Mill_1,River Mill-1,OR-3049-1,OR
8513,43465,River_Mill_2,River Mill-2,OR-3049-2,OR
8514,43465,River_Mill_3,River Mill-3,OR-3049-3,OR
8515,43465,River_Mill_4,River Mill-4,OR-3049-4,OR
8516,43465,River_Mill_5,River Mill-5,OR-3049-5,OR
14933,31848,ROARING_31848_2,ROARING,31848,CA
15412,31847,ROARMONG_31847_1,ROARMONG,31847,CA
13702,37314,Robbs Peak H1,Robbs Peak 1,CA-433-1,CA
13788,70123,Roberts Tunnel Hydro,Roberts Tunnel Hydro,_-_-_,CO
14139,46889,Rock Island,Rock Island-B-1,WA-6200-Agg Plant,WA
1710,31786,Rock_Creek_H1,Rock Creek-H1,CA-275-H1,CA
1711,31788,Rock_Creek_H2,Rock Creek-H2,CA-275-H2,CA
14138,46841,Rocky Reach,Rocky Reach-C-1,WA-3883-Agg Plant,WA
175,15951,Roosevelt,Roosevelt ROOS,AZ-149-ROOS,AZ
4924,46439,Ross_41,Ross-41,WA-6202-41,WA
8592,46439,Ross_42,Ross-42,WA-6202-42,WA
8593,46441,Ross_43,Ross-43,WA-6202-43,WA
8594,46441,Ross_44,Ross-44,WA-6202-44,WA
2335,43486,Round_Butte_1,Round Butte-1,OR-3050-1,OR
2334,43488,Round_Butte_2,Round Butte-2,OR-3050-2,OR
2333,43490,Round_Butte_3,Round Butte-3,OR-3050-3,OR
2448,40756,Roza_1,Roza-1,WA-6407-1,WA
3273,54479,Rundle1_1,Rundle1-1,AB-N/A-N/A,AB
3309,54197,Rundle2_2,Rundle2-2,AB-N/A-N/A,AB
2625,50172,Ruskin_1,Ruskin-1_Ruskin-1_BCH-RUS,BC-N/A-N/A,BC
2624,50173,Ruskin_2,Ruskin-2_Ruskin-2_BCH-RUS,BC-N/A-N/A,BC
2623,50174,Ruskin_3,Ruskin-3_Ruskin-3_BCH-RUS,BC-N/A-N/A,BC
2442,40959,Russell_D_smith,Russell D Smith-1,WA-56694-1,WA
2640,51135,RutherfordCrk1,Rutherford Creek-1_Rutherford Creek-1_IPP-RUT,BC-N/A-N/A,BC
2641,51135,RutherfordCrk2,Rutherford Creek-2_Rutherford Creek-2_IPP-RUT,BC-N/A-N/A,BC
3517,622531,Ryan1,Ryan-RYA1,MT-2194-RYA1,MT
8613,622531,Ryan2,Ryan (pre-upgrade)-RYA2,MT-2194-RYA2,MT
3515,622531,Ryan3,Ryan-RYA3,MT-2194-RYA3,MT
8614,622532,Ryan4,Ryan (pre-upgrade)-RYA4,MT-2194-RYA4,MT
3490,622532,Ryan5,Ryan-RYA5,MT-2194-RYA5,MT
3489,622532,Ryan6,Ryan-RYA6,MT-2194-RYA6,MT
2682,51313,S.CranberryCrk1,S. Cranberry Creek-1_S. Cranberry Creek-1_IPP-SCB,BC-N/A-N/A,BC
2683,51313,S.CranberryCrk2,S. Cranberry Creek-2_S. Cranberry Creek-2_IPP-SCB,BC-N/A-N/A,BC
2684,51313,S.CranberryCrk3,S. Cranberry Creek-3_S. Cranberry Creek-3_IPP-SCB,BC-N/A-N/A,BC
2658,51214,S.Sutton_Creek,S. Sutton Creek-1_S. Sutton Creek-1_IPP-SSH,BC-N/A-N/A,BC
3444,60284,S_E_Hazelton1,S E Hazelton A-GEN1,ID-50896-GEN1,ID
2972,52131,S_Slocan_1,S Slocan-1_S Slocan-1_FBC-SLC,BC-N/A-N/A,BC
2973,52132,S_Slocan_2,S Slocan-2_S Slocan-2_FBC-SLC,BC-N/A-N/A,BC
2974,52133,S_Slocan_3,S Slocan-3_S Slocan-3_FBC-SLC,BC-N/A-N/A,BC
2785,80384,SakwiCreek,Sakwi Creek RoR-1_Sakwi Creek RoR-1_IPP-SKW,BC-N/A-N/A,BC
13799,70327,Salida 1-2,Salida 1 and 2,CO-474-1|2,CO
2740,51592,Salmon_Inlet1,Salmon Inlet (Sechelt Creek SCG)-1_Salmon Inlet (Sechelt Creek SCG)-1_IPP-SCG,BC-N/A-N/A,BC
2741,51592,Salmon_Inlet2,Salmon Inlet (Sechelt Creek SCG)-2_Salmon Inlet (Sechelt Creek SCG)-2_IPP-SCG,BC-N/A-N/A,BC
1396,33800,Salt_Springs_1,Salt Springs-1,CA-279-1,CA
1395,33800,Salt_Springs_2,Salt Springs-2,CA-279-2,CA
13618,26161,San Francisquito 1-1,San Francisquito 1 1A,CA-6479-1A,CA
13619,26163,San Francisquito 1-3,San Francisquito 1 3,CA-6479-3,CA
13620,26164,San Francisquito 1-4,San Francisquito 1 4,CA-6479-4,CA
13621,26165,San Francisquito 1-6,San Francisquito 1 6,CA-6479-6,CA
13622,26166,San Francisquito 2-1,San Francisquito 2 1,CA-6480-1,CA
13623,26167,San Francisquito 2-2,San Francisquito 2 2,CA-6480-2,CA
13624,26168,San Francisquito 2-3,San Francisquito 2 3,CA-6480-3,CA
13953,73363,Seminoe 1,Seminoe 1,WY-4182-1,WY
13954,73363,Seminoe 2,Seminoe 2,WY-4182-2,WY
13967,73441,Seminoe 3,Seminoe 3,WY-4182-3,WY
2626,50171,Seton_1,Seton-1_Seton-1_BCH-SON,BC-N/A-N/A,BC
2542,50766,Seven_Mile_1,Seven Mile-1_Seven Mile-1_BCH-SEV,BC-N/A-N/A,BC
2543,50767,Seven_Mile_2,Seven Mile-2_Seven Mile-2_BCH-SEV,BC-N/A-N/A,BC
2544,50768,Seven_Mile_3,Seven Mile-3_Seven Mile-3_BCH-SEV,BC-N/A-N/A,BC
2579,51036,Seven_Mile_4,Seven Mile-4_Seven Mile-4_BCH-SEV,BC-N/A-N/A,BC
14089,37575,Shasta 1,Shasta 1,CA-445-1,CA
14090,37576,Shasta 2,Shasta 2,CA-445-2,CA
14091,37577,Shasta 3,Shasta 3,CA-445-3,CA
14092,37578,Shasta 4,Shasta 4,CA-445-4,CA
14093,37579,Shasta 5,Shasta 5,CA-445-5,CA
15440,40969,SHELTON,SHELTON,Olympic View Gen?,WA
3422,60116,ShoshnFalls1,Shoshone Falls-1,ID-818-1,ID
13944,73347,Shoshone 1,Shoshone Dam 1,WY-4183-1,WY
13805,70385,Shoshone A,Shoshone A,CO-476-A,CO
13806,70385,Shoshone B,Shoshone B,CO-476-B,CO
2539,50652,Shuswap_1,Shuswap-1_Shuswap-1_BCH-SHU,BC-N/A-N/A,BC
2540,50652,Shuswap_2,Shuswap-2_Shuswap-2_BCH-SHU,BC-N/A-N/A,BC
1896,45122,Siphon1,Siphon Power Project-GEN1,OR-50980-GEN1,OR
1174,34209,Site_980_65,Site 980 65-GEN1,CA-50322-GEN1,CA
2672,51274,Site_C_G1_1,Site C G1-1_Site C G1-1_BCH-STC,BC-N/A-N/A,BC
2673,51275,Site_C_G2_2,Site C G2-2_Site C G2-2_BCH-STC,BC-N/A-N/A,BC
2674,51276,Site_C_G3_3,Site C G3-3_Site C G3-3_BCH-STC,BC-N/A-N/A,BC
2675,51277,Site_C_G4_4,Site C G4-4_Site C G4-4_BCH-STC,BC-N/A-N/A,BC
2676,51278,Site_C_G5_5,Site C G5-5_Site C G5-5_BCH-STC,BC-N/A-N/A,BC
2677,51279,Site_C_G6_6,Site C G6-6_Site C G6-6_BCH-STC,BC-N/A-N/A,BC
2883,80537,Skookum_Crk1,Skookum Creek Power Project-1_Skookum Creek Power Project-1_IPP-SKO,BC-N/A-N/A,BC
2882,80537,Skookum_Crk2,Skookum Creek Power Project-2_Skookum Creek Power Project-2_IPP-SKO,BC-N/A-N/A,BC
1928,45486,Slide_Creek_1,Slide Creek-1,OR-3036-1,OR
14177,41298,Smith Falls (EWEB),Smith Falls Hydro Project-GEN1,"ID-54249-GEN1, GEN2, GEN3",ID
14184,42331,Snoqualmie1 1-4,Snoqualmie-1 (Repowered),WA-3860-Agg1-4,WA
14185,42332,Snoqualmie1 5,Snoqualmie-5 (Repowered),WA-3860-5,WA
14181,42336,Snoqualmie2 6,Snoqualmie 2-6 (Repowered),WA-7867-6,WA
14180,42336,Snoqualmie2 7,Snoqualmie 2-7 (Repowered),WA-7867-7,WA
3681,66390,Soda_1,Soda-1,ID-831-1,ID
3682,66390,Soda_2,Soda-2,ID-831-2,ID
1929,45488,Soda_Springs_1,Soda Springs-1,OR-3037-1,OR
2610,50293,Soo_River_1,Soo River-1_Soo River-1_IPP-SOR,BC-N/A-N/A,BC
2609,50293,Soo_River_2,Soo River-2_Soo River-2_IPP-SOR,BC-N/A-N/A,BC
2382,42351,SouthForkTolt,South Fork Tolt-1,WA-622-1,WA
14094,38100,Spicer Meadow 1-3,Spicer Meadow Project GEN1 to GEN3,CA-54554-GEN1-3,CA
2549,50773,Spillimacheen_1,Spillimacheen-1_Spillimacheen-1_BCH-SPN,BC-N/A-N/A,BC
2550,50773,Spillimacheen_2,Spillimacheen-2_Spillimacheen-2_BCH-SPN,BC-N/A-N/A,BC
2551,50773,Spillimacheen_3,Spillimacheen-3_Spillimacheen-3_BCH-SPN,BC-N/A-N/A,BC
13973,73462,Spirit Mountain,Spirit Mountain 1,WY-7541-1,WY
3322,54174,Spray1_1,Spray1-1,AB-N/A-N/A,AB
3313,54190,Spray2_1,Spray2-1,AB-N/A-N/A,AB
14095,37581,Spring Creek 1,Spring Creek Dam 1,CA-450-1,CA
14096,37581,Spring Creek 2,Spring Creek Dam 2,CA-450-2,CA
3279,54448,St_Marys_Dam,CHD St Marys Dam-1,AB-N/A-N/A,AB
1184,34062,Stanislaus_HC1,Stanislaus-HC1,CA-285-HC1,CA
2621,50176,Stave_Falls_1,Stave Falls-1_Stave Falls New-1_BCH-SFN,BC-N/A-N/A,BC
2620,50177,Stave_Falls_2,Stave Falls-2_Stave Falls New-2_BCH-SFN,BC-N/A-N/A,BC
13383,15961,Stewart Mountain,Stewart Mountain SM,AZ-150-SM,AZ
2719,51545,Stokke1,"Stokke (SKK, Kwalsa Energy)-1_Stokke (SKK, Kwalsa Energy)-1_IPP-SKK",BC-N/A-N/A,BC
2720,51545,Stokke2,"Stokke (SKK, Kwalsa Energy)-2_Stokke (SKK, Kwalsa Energy)-2_IPP-SKK",BC-N/A-N/A,BC
2347,43375,Stone_Creek_1,Stone Creek-1,OR-7508-1,OR
9690,31842,StonyGorge1,Stony Gorge-1,CA-7151-1,CA
9691,31842,StonyGorge2,Stony Gorge-2,CA-7151-2,CA
2600,50304,Strathcona_1,Strathcona-1_Strathcona-1_BCH-SCA,BC-N/A-N/A,BC
2599,50305,Strathcona_2,Strathcona-2_Strathcona-2_BCH-SCA,BC-N/A-N/A,BC
13793,70280,Strontia Springs,Strontia Springs Hydro Plant 1 and 2|Strontia Springs,CO-10081-GEN1,CO
2332,43556,Sullivan_1,Sullivan-1,OR-3053-1,OR
4926,46653,Summer_Falls1,Summer Falls Power Plant-1,WA-56695-1,WA
4927,46655,Summer_Falls2,Summer Falls Power Plant-2,WA-56695-2,WA
3418,60331,Swan_Falls_1,Swan Falls-1,ID-819-1,ID
3417,60331,Swan_Falls_2,Swan Falls-2,ID-819-2,ID
1934,45544,Swift_1_HY11,Swift 1-HY11,WA-3850-HY11,WA
1935,45545,Swift_1_HY12,Swift 1-HY12,WA-3850-HY12,WA
1936,45546,Swift_1_HY13,Swift 1-HY13,WA-3850-HY13,WA
1932,45541,Swift_2_21,Swift 2-21,WA-6265-21,WA
1933,45542,Swift_2_22,Swift 2-22,WA-6265-22,WA
9247,58670,TaylorHydro,TaylorHydroPlant-G-1,AB-N/A-N/A,AB
13959,73424,Tesla,Tesla 1,CO-7233-1,CO
14145,44041,The Dalles,The Dalles,OR-3895-Agg Plant,OR
1511,38700,Thermalito_1,Thermalito-1,CA-438-1,CA
1512,38705,Thermalito_2,Thermalito-2,CA-438-2,CA
1513,38710,Thermalito_3,Thermalito-3,CA-438-3,CA
1514,38715,Thermalito_4,Thermalito-4,CA-438-4,CA
3539,629521,Thompson_Falls1,Thompson Falls-TF1,MT-2195-TF1,MT
3472,629521,Thompson_Falls2,Thompson Falls-TF2,MT-2195-TF2,MT
3537,629521,Thompson_Falls3,Thompson Falls-TF3,MT-2195-TF3,MT
3481,629522,Thompson_Falls4,Thompson Falls-TF4,MT-2195-TF4,MT
3480,629522,Thompson_Falls5,Thompson Falls-TF5,MT-2195-TF5,MT
3479,629522,Thompson_Falls6,Thompson Falls-TF6,MT-2195-TF6,MT
3502,629524,Thompson_Falls7,Thompson Falls-TF7,MT-2195-TF7,MT
3287,54381,Three_Sisters_1,Three Sisters-1,AB-N/A-N/A,AB
3541,631072,Tiber_Dam,Tiber Dam Hydroelectric Plant-HY1,MT-56499-HY1,MT
10220,44870,TietonDamHydroUNIT1,Tieton Dam Hydro Electric Project-UNIT1,WA-57496-UNIT1,WA
1382,33822,Tiger_Creek_H1,Tiger Creek-H1,CA-287-H1,CA
1212,33822,Tiger_Creek_H2,Tiger Creek-H2,CA-287-H2,CA
2721,51546,Tipella1,"Tipella (TPA, Kwalsa Energy)-1_Tipella (TPA, Kwalsa Energy)-1_IPP-TPA",BC-N/A-N/A,BC
2722,51546,Tipella2,"Tipella (TPA, Kwalsa Energy)-2_Tipella (TPA, Kwalsa Energy)-2_IPP-TPA",BC-N/A-N/A,BC
1930,44836,Toketee_Falls_1,Toketee Falls-1,OR-3040-1,OR
9320,44837,Toketee_Falls_2,Toketee Falls-2,OR-3040-2,OR
9321,44838,Toketee_Falls_3,Toketee Falls-3,OR-3040-3,OR
14026,79164,Towaoc,Towaoc 1,CO-7373-1,CO
2700,51476,TrethewayCreek1,Tretheway Creek-1_Tretheway Creek-1_IPP-TWY,BC-N/A-N/A,BC
2701,51476,TrethewayCreek2,Tretheway Creek-2_Tretheway Creek-2_IPP-TWY,BC-N/A-N/A,BC
14103,37590,Trinity 1,Trinity 1,CA-451-1,CA
14104,37590,Trinity 2,Trinity 2,CA-451-2,CA
2903,80507,Trio_1,Trio-1_Trio-1_IPP-TRE,BC-N/A-N/A,BC
5466,60352,Twin_Falls_1,Twin Falls-1,ID-821-1,ID
9406,60353,Twin_Falls_2,Twin Falls-2,ID-821-2,ID
2384,42341,Twin_Falls1,Twin Falls Hydro-UNI1,WA-50827-UNI1,WA
2383,42341,Twin_Falls2,Twin Falls Hydro-UNI2,WA-50827-UNI2,WA
2784,80378,Tyson_Creek_1,Tyson Creek-1_Tyson Creek-1_IPP-TYS,BC-N/A-N/A,BC
2966,52121,U_Bonnington_1,U Bonnington-1_U Bonnington-1_FBC-UBO,BC-N/A-N/A,BC
2967,52122,U_Bonnington_2,U Bonnington-2_U Bonnington-2_FBC-UBO,BC-N/A-N/A,BC
2968,52123,U_Bonnington_3,U Bonnington-3_U Bonnington-3_FBC-UBO,BC-N/A-N/A,BC
2969,52124,U_Bonnington_4,U Bonnington-4_U Bonnington-4_FBC-UBO,BC-N/A-N/A,BC
2970,52125,U_Bonnington_5,U Bonnington-5_U Bonnington-5_FBC-UBO,BC-N/A-N/A,BC
2971,52126,U_Bonnington_6,U Bonnington-6_U Bonnington-6_FBC-UBO,BC-N/A-N/A,BC
13705,37317,Union Valley,Union Valley 1,CA-6612-1,CA
14105,38562,Upper Dawson 1,Upper Dawson 1,CA-489-1,CA
13595,26032,Upper Gorge,Upper Gorge 1,CA-407-1,CA
14028,79172,Upper Molina,Upper Molina 1,CO-521-1,CO
2396,42124,Upper_Baker_1,Upper Baker-1,WA-3861-1,WA
2395,42124,Upper_Baker_2,Upper Baker-2,WA-3861-2,WA
2685,51368,Upper_Bear,Upper Bear Hydro-1_Upper Bear Hydro-1_IPP-BHU,BC-N/A-N/A,BC
2702,51479,Upper_Clowhom_1,Upper Clowhom-1_Upper Clowhom-1_IPP-UCH,BC-N/A-N/A,BC
2197,48335,Upper_Falls_1,Upper Falls-1,WA-9096-1,WA
2901,80527,Upper_Lillooet1,Upper Lillooet River-1_Upper Lillooet River-1_IPP-ULL,BC-N/A-N/A,BC
2900,80527,Upper_Lillooet2,Upper Lillooet River-2_Upper Lillooet River-2_IPP-ULL,BC-N/A-N/A,BC
2899,80527,Upper_Lillooet3,Upper Lillooet River-3_Upper Lillooet River-3_IPP-ULL,BC-N/A-N/A,BC
2898,80527,Upper_Lillooet4,Upper Lillooet River-4_Upper Lillooet River-4_IPP-ULL,BC-N/A-N/A,BC
2742,51593,Upper_Mamquam_1,Upper Mamquam-1_Upper Mamquam-1_IPP-UMH,BC-N/A-N/A,BC
2743,51593,Upper_Mamquam_2,Upper Mamquam-2_Upper Mamquam-2_IPP-UMH,BC-N/A-N/A,BC
5465,60361,Upper_Salmon1,Upper Salmon A-1,ID-822-1,ID
9463,60362,Upper_Salmon2,Upper Salmon A-2,ID-822-2,ID
5464,60363,Upper_Salmon3,Upper Salmon B-1,ID-7079-1,ID
9464,60364,Upper_Salmon4,Upper Salmon B-2,ID-7079-2,ID
2711,51542,Upper_Stave1,Upper Stave Energy (USR)-1_Upper Stave Energy (USR)-1_IPP-USR,BC-N/A-N/A,BC
2712,51542,Upper_Stave2,Upper Stave Energy (USR)-2_Upper Stave Energy (USR)-2_IPP-USR,BC-N/A-N/A,BC
2713,51542,Upper_Stave3,Upper Stave Energy (USR)-3_Upper Stave Energy (USR)-3_IPP-USR,BC-N/A-N/A,BC
2714,51542,Upper_Stave4,Upper Stave Energy (USR)-4_Upper Stave Energy (USR)-4_IPP-USR,BC-N/A-N/A,BC
4974,48433,Upriver_Dam1,Upriver Dam Hydro Plant-GEN1,WA-50380-GEN1,WA
9469,48433,Upriver_Dam2,Upriver Dam Hydro Plant-GEN2,WA-50380-GEN2,WA
9470,48433,Upriver_Dam3,Upriver Dam Hydro Plant-GEN3,WA-50380-GEN3,WA
9471,48435,Upriver_Dam4,Upriver Dam Hydro Plant-GEN4,WA-50380-GEN4,WA
9472,48435,Upriver_Dam5,Upriver Dam Hydro Plant-GEN5,WA-50380-GEN5,WA
790,24337,Venice_1,Venice-1,CA-72-1,CA
2850,80730,Volcano_Creek_1,Volcano Creek-1_Volcano Creek-1_IPP-VOL,BC-N/A-N/A,BC
2849,80730,Volcano_Creek_2,Volcano Creek-2_Volcano Creek-2_IPP-VOL,BC-N/A-N/A,BC
4471,25651,W_E_Warne_1,W E Warne-1,CA-6196-1,CA
9508,25652,W_E_Warne_2,W E Warne-2,CA-6196-2,CA
2628,50169,Wahleach_1,Wahleach-1_Wahleach-1_BCH-WAH,BC-N/A-N/A,BC
2617,50181,Walden_North_1,Walden North-1_Walden North-1_IPP-WDN,BC-N/A-N/A,BC
2616,50181,Walden_North_2,Walden North-2_Walden North-2_IPP-WDN,BC-N/A-N/A,BC
2615,50181,Walden_North_3,Walden North-3_Walden North-3_IPP-WDN,BC-N/A-N/A,BC
2614,50181,Walden_North_4,Walden North-4_Walden North-4_IPP-WDN,BC-N/A-N/A,BC
2613,50181,Walden_North_5,Walden North-5_Walden North-5_IPP-WDN,BC-N/A-N/A,BC
2532,50642,WalterHardman1,Walter Hardman-1_Walter Hardman-1_BCH-WHN,BC-N/A-N/A,BC
2533,50642,WalterHardman2,Walter Hardman-2_Walter Hardman-2_BCH-WHN,BC-N/A-N/A,BC
1970,46306,Walterville_1,Walterville-1,OR-3071-1,OR
14149,46180,Wanapum,Wanapum-1,WA-3888-Agg Plant,WA
2985,52161,Waneta1,Waneta-1_Waneta-1_FBC-WAN,BC-N/A-N/A,BC
2586,52166,Waneta1_Exp,Waneta Expansion-1_Waneta Expansion-1_IPP-WAX,BC-N/A-N/A,BC
2986,52162,Waneta2,Waneta-2_Waneta-2_FBC-WAN,BC-N/A-N/A,BC
2633,52167,Waneta2_Exp,Waneta Expansion-2_Waneta Expansion-2_IPP-WAX,BC-N/A-N/A,BC
2987,52163,Waneta3,Waneta-3_Waneta-3_FBC-WAN,BC-N/A-N/A,BC
2988,52164,Waneta4,Waneta-4_Waneta-4_FBC-WAN,BC-N/A-N/A,BC
1916,45439,WarmSpringsPwr,Warm Springs Power Enterprises-1,OR-54721-1,OR
3278,54449,Waterton_Dam,CHD Waterton Dam-1,AB-N/A-N/A,AB
14140,47104,Wells,Wells-U-1,WA-3886-Agg Plant,WA
11182,45528,WestSide,West Side,OR--,OR
2534,50643,Whatshan_1,Whatshan-1_Whatshan-1_BCH-WGS,BC-N/A-N/A,BC
14109,37530,Whiskeytown,Whiskeytown 1,CA-7189-1,CA
13706,37318,White Rock 1,White Rock H1,CA-435-H1,CA
13707,37319,White Rock 2,White Rock H2,CA-435-H2,CA
13938,73328,Williams Fork,Williams Fork Hydro Plant GEN1-GEN2,CO-10422-GEN1/GEN2,CO
9617,60281,WilsonLake1,Wilson Lake Hydroelectric Project-1,ID-54306-1,ID
1714,31794,Woodleaf,Woodleaf-1,CA-419-1,CA
2012,46792,Wynoochee,Wynoochee-1,WA-7127-1,WA
1913,45351,Yale1,Yale-1,WA-3852-1,WA
1914,45351,Yale2,Yale-2,WA-3852-2,WA
13921,73226,Yellowtail 1,Yellowtail 1,MT-2204-1,MT
13922,73226,Yellowtail 2,Yellowtail 2,MT-2204-2,MT
13923,73227,Yellowtail 3,Yellowtail 3,MT-2204-3,MT
13924,73227,Yellowtail 4,Yellowtail 4,MT-2204-4,MT
2654,51212,Zeballos_Lake_1,Zeballos Lake-1_Zeballos Lake-1_IPP-ZBL,BC-N/A-N/A,BC
2655,51212,Zeballos_Lake_2,Zeballos Lake-2_Zeballos Lake-2_IPP-ZBL,BC-N/A-N/A,BC
2656,51212,Zeballos_Lake_3,Zeballos Lake-3_Zeballos Lake-3_IPP-ZBL,BC-N/A-N/A,BC
14704,80416,znDSQ 7G-2,"NA",DASQUE_6.9_DSQ_G2,BC
14715,80902,znHAS G1-1,"NA","NA",BC
14717,80961,znISP 4G1-1,"NA","NA",BC
14725,81013,znMIK 4G1G2-1,"NA","NA",BC
14726,81012,znMIK 4G1G2-2,"NA","NA",BC
14703,80394,znWDN .6-1,"NA","NA",BC
14728,81147,znWGM G1-1,"NA","NA",BC
11812,80352,zzebraLOI-6G1,Unknown Type & Dynamic Model in Power Flow,--,BC
11813,80353,zzebraLOI-6G2,Unknown Type & Dynamic Model in Power Flow,--,BC
